id;Consent_000_RAW;Consent_001_RAW;Goodbye_001_RAW;MDDF_03_RAW;MDDF_06_RAW;MDDF_09_RAW;MDDF_12_RAW;MDDF_18_RAW;MDDF_15_RAW;MDDF_24_RAW;MDDF_45_RAW;MDDF_21_RAW;MDDF_33_RAW;MDDF_36_RAW;MDDF_39_RAW;MDDF_48_RAW;MDDF_30_RAW;MDDF_27_RAW;MDDF_63_RAW;MDDF_51_RAW;MDDF_60_RAW;MDDF_42_RAW;MDDF_54_RAW;MDDF_57_RAW;CRS_01_RAW;CRS_02_RAW;CRS_03_RAW;CRS_04_RAW;CRS_05_RAW;CRS_06_RAW;CRS_07_RAW;CRS_08_RAW;CRS_09_RAW;CRS_10_RAW;CRS_11_RAW;CRS_12_RAW;CRS_13_RAW;CRS_14_RAW;CRS_15_RAW;CRS_16_RAW;CRS_17_RAW;CRS_18_RAW;CRS_19_RAW;CRS_20_RAW;MDDF_01_RAW;MDDF_02_RAW;MDDF_04_RAW;MDDF_05_RAW;MDDF_07_RAW;MDDF_08_RAW;MDDF_10_RAW;MDDF_11_RAW;MDDF_13_RAW;MDDF_14_RAW;MDDF_16_RAW;MDDF_17_RAW;MDDF_19_RAW;MDDF_20_RAW;MDDF_22_RAW;MDDF_23_RAW;MDDF_25_RAW;MDDF_26_RAW;MDDF_28_RAW;MDDF_29_RAW;MDDF_31_RAW;MDDF_32_RAW;MDDF_34_RAW;MDDF_35_RAW;MDDF_37_RAW;MDDF_38_RAW;MDDF_40_RAW;MDDF_41_RAW;MDDF_43_RAW;MDDF_44_RAW;MDDF_46_RAW;MDDF_47_RAW;MDDF_49_RAW;MDDF_50_RAW;MDDF_52_RAW;MDDF_53_RAW;MDDF_55_RAW;MDDF_56_RAW;MDDF_58_RAW;MDDF_59_RAW;MDDF_61_RAW;MDDF_62_RAW
30;"";acepto participar;oj2ezhwszwmf9o0xmy21;1;3;1;5;2;;;;;;;;;;;;;;;;;A menudo;Un poco;Ocasionalmente;Ocasionalmente;Muy a menudo;Rara vez;Ocasionalmente;Algo;Demasiado;Demasiado;Demasiado;Demasiado;Rara vez;Nunca;A menudo;Algo;Algo;A menudo;Muy a menudo;Ocasionalmente;Sin opinion;Si;Un poco adecuado;Si;Medianamente adecuado;Si;Poco inadecuado;Si;Medianamente inadecuado;No;Sin opinion;Si;Altamente adecuado;No;Medianamente inadecuado;No;Muy inadecuado;No;Altamente adecuado;No;Poco inadecuado;No;Medianamente inadecuado;No;Medianamente inadecuado;No;Altamente adecuado;No;Medianamente inadecuado;No;Poco inadecuado;No;Medianamente adecuado;No;Un poco adecuado;No;Altamente adecuado;No;Poco inadecuado;No;Un poco adecuado;No
20;"";acepto participar;y9xk3ytacls80b2q0x6c;;1;4;;2;3;;4;;1;4;6;6;;;;;;;;;Muy a menudo;Demasiado;Ocasionalmente;Nunca;Rara vez;A menudo;Rara vez;Algo;Algo;Demasiado;Un poco;Algo;Ocasionalmente;Muy a menudo;Muy a menudo;Demasiado;Demasiado;Rara vez;Nunca;A menudo;Altamente adecuado;No;Poco inadecuado;Si;Poco inadecuado;Si;Altamente adecuado;No;Un poco adecuado;Si;Medianamente inadecuado;Si;Altamente adecuado;No;Poco inadecuado;No;Poco inadecuado;No;Altamente adecuado;No;Un poco adecuado;Si;Sin opinion;Si;Medianamente inadecuado;Si;Poco inadecuado;No;Sin opinion;Si;Medianamente inadecuado;Si;Poco inadecuado;No;Medianamente adecuado;No;Un poco adecuado;No;Altamente adecuado;No;Poco inadecuado;No
21;"";acepto participar;5matexbx553s2spza0dk;;6;;;3;;;4;4;1;4;6;6;;;;;;;;;Muy a menudo;Mucho;Ocasionalmente;Nunca;Ocasionalmente;Muy a menudo;A menudo;Mucho;Nada;Nada;Un poco;Un poco;Rara vez;A menudo;Ocasionalmente;Mucho;Nada;Muy a menudo;Muy a menudo;Rara vez;Medianamente adecuado;No;Altamente adecuado;Si;Un poco adecuado;No;Un poco adecuado;No;Muy inadecuado;No;Poco inadecuado;Si;Un poco adecuado;Si;Poco inadecuado;No;Poco inadecuado;No;Altamente adecuado;No;Un poco adecuado;Si;Sin opinion;Si;Medianamente inadecuado;Si;Poco inadecuado;No;Sin opinion;Si;Medianamente inadecuado;Si;Poco inadecuado;No;Medianamente adecuado;No;Un poco adecuado;No;Altamente adecuado;No;Poco inadecuado;No
24;"";acepto participar;g1mqbmczh6kd8g5y7y04;1;1;;;4;3;;;;4;6;;;1;;;;;;;;Ocasionalmente;Nada;Rara vez;A menudo;Rara vez;Ocasionalmente;Ocasionalmente;Demasiado;Un poco;Algo;Algo;Demasiado;Muy a menudo;Muy a menudo;Muy a menudo;Un poco;Nada;A menudo;Ocasionalmente;Ocasionalmente;Poco inadecuado;Si;Sin opinion;Si;Un poco adecuado;No;Muy inadecuado;No;Poco inadecuado;Si;Un poco adecuado;Si;Medianamente inadecuado;No;Poco inadecuado;No;Altamente adecuado;No;Un poco adecuado;Si;Sin opinion;Si;Medianamente inadecuado;Si;Poco inadecuado;No;Medianamente adecuado;No;Altamente adecuado;No;Medianamente inadecuado;No;Poco inadecuado;No;Medianamente adecuado;No;Un poco adecuado;No;Altamente adecuado;No;Poco inadecuado;No
22;"";acepto participar;s75upvkfe86zpnylm585;3;;;;2;3;5;6;;;;;;;;;;;;;;Muy a menudo;Algo;Nunca;Rara vez;A menudo;Rara vez;Ocasionalmente;Algo;Demasiado;Un poco;Algo;Algo;Muy a menudo;Muy a menudo;Muy a menudo;Demasiado;Un poco;Nunca;A menudo;Ocasionalmente;Medianamente inadecuado;Si;Poco inadecuado;No;Poco inadecuado;No;Altamente adecuado;No;Un poco adecuado;Si;Medianamente inadecuado;Si;Altamente adecuado;No;Poco inadecuado;Si;Un poco adecuado;No;Medianamente inadecuado;No;Muy inadecuado;No;Altamente adecuado;No;Poco inadecuado;No;Medianamente inadecuado;No;Medianamente inadecuado;Si;Poco inadecuado;No;Medianamente inadecuado;No;Medianamente inadecuado;No;Altamente adecuado;No;Poco inadecuado;No;Altamente adecuado;No
23;"";acepto participar;yzmd0u498uzsmzw2g0w0;5;2;1;3;;2;4;6;1;;;;;;;7;;;;;;A menudo;Algo;Nunca;Ocasionalmente;Muy a menudo;A menudo;A menudo;Nada;Nada;Un poco;Un poco;Un poco;A menudo;Ocasionalmente;A menudo;Nada;Demasiado;Muy a menudo;Rara vez;Ocasionalmente;Poco inadecuado;Si;Medianamente adecuado;Si;Sin opinion;Si;Un poco adecuado;Si;Medianamente inadecuado;Si;Altamente adecuado;No;Un poco adecuado;Si;Un poco adecuado;Si;Medianamente inadecuado;No;Muy inadecuado;No;Altamente adecuado;No;Poco inadecuado;No;Medianamente inadecuado;No;Medianamente inadecuado;No;Medianamente adecuado;Si;Medianamente inadecuado;No;Medianamente inadecuado;No;Altamente adecuado;No;Poco inadecuado;No;Altamente adecuado;No;Medianamente inadecuado;Si
26;"";acepto participar;udmvygv5dgttg2vqemz5;4;;;3;;2;3;;1;6;;;;4;1;6;4;7;;;;Nunca;Un poco;A menudo;Rara vez;Ocasionalmente;Ocasionalmente;Muy a menudo;Un poco;Algo;Algo;Demasiado;Demasiado;Muy a menudo;Muy a menudo;Rara vez;Nada;Mucho;Ocasionalmente;Ocasionalmente;A menudo;Poco inadecuado;Si;Altamente adecuado;No;Altamente adecuado;No;Un poco adecuado;Si;Medianamente inadecuado;Si;Altamente adecuado;No;Un poco adecuado;Si;Medianamente inadecuado;Si;Un poco adecuado;Si;Sin opinion;Si;Medianamente inadecuado;Si;Poco inadecuado;No;Medianamente adecuado;No;Un poco adecuado;No;Medianamente adecuado;No;Medianamente adecuado;No;Medianamente adecuado;Si;Poco inadecuado;No;Altamente adecuado;No;Medianamente inadecuado;Si;Medianamente inadecuado;Si
27;"";acepto participar;8vkka8hekh9cp9yjo5pv;;;;3;;2;3;;1;6;;;;4;1;6;4;7;;;;Nunca;Algo;Muy a menudo;A menudo;A menudo;Nunca;Nunca;Un poco;Un poco;Un poco;Mucho;Algo;A menudo;Nunca;Muy a menudo;Demasiado;Un poco;Ocasionalmente;Rara vez;Ocasionalmente;Un poco adecuado;No;Un poco adecuado;No;Altamente adecuado;No;Un poco adecuado;Si;Medianamente inadecuado;Si;Altamente adecuado;No;Un poco adecuado;Si;Medianamente inadecuado;Si;Un poco adecuado;Si;Sin opinion;Si;Medianamente inadecuado;Si;Poco inadecuado;No;Medianamente adecuado;No;Un poco adecuado;No;Medianamente adecuado;No;Medianamente adecuado;No;Medianamente adecuado;Si;Poco inadecuado;No;Altamente adecuado;No;Medianamente inadecuado;Si;Medianamente inadecuado;Si
10;"";acepto participar;to0a83jgd0sly990pz2k;;1;7;3;;;1;;3;;1;4;;2;3;;;;6;;;Muy a menudo;Mucho;Nunca;Ocasionalmente;Nunca;Muy a menudo;Muy a menudo;Algo;Nada;Un poco;Mucho;Un poco;Ocasionalmente;Ocasionalmente;Muy a menudo;Un poco;Algo;Ocasionalmente;Muy a menudo;Muy a menudo;Poco inadecuado;No;Medianamente inadecuado;Si;Muy inadecuado;Si;Medianamente inadecuado;Si;Poco inadecuado;No;Altamente adecuado;No;Un poco adecuado;Si;Sin opinion;Si;Un poco adecuado;Si;Medianamente inadecuado;Si;Altamente adecuado;No;Un poco adecuado;Si;Sin opinion;Si;Medianamente inadecuado;Si;Medianamente inadecuado;No;Muy inadecuado;No;Altamente adecuado;No;Poco inadecuado;No;Medianamente inadecuado;No;Medianamente inadecuado;No;Altamente adecuado;No
25;"";acepto participar;ag4rlorhxb9jd7a8xdf8;6;;;;4;3;;;;4;6;;;1;;;;;;;;Ocasionalmente;Nada;Ocasionalmente;Muy a menudo;A menudo;A menudo;Nunca;Nada;Un poco;Un poco;Un poco;Mucho;Ocasionalmente;A menudo;Nunca;Demasiado;Demasiado;Rara vez;Ocasionalmente;Rara vez;Altamente adecuado;Si;Un poco adecuado;No;Un poco adecuado;No;Muy inadecuado;No;Poco inadecuado;Si;Un poco adecuado;Si;Medianamente inadecuado;No;Poco inadecuado;No;Altamente adecuado;No;Un poco adecuado;Si;Sin opinion;Si;Medianamente inadecuado;Si;Poco inadecuado;No;Medianamente adecuado;No;Altamente adecuado;No;Medianamente inadecuado;No;Poco inadecuado;No;Medianamente adecuado;No;Un poco adecuado;No;Altamente adecuado;No;Poco inadecuado;No
28;"";acepto participar;spwam5wshorr69a57fym;;;6;3;;4;;;;;;;;;;;;;;;;Rara vez;Mucho;Rara vez;Ocasionalmente;Ocasionalmente;Muy a menudo;Rara vez;Algo;Algo;Demasiado;Demasiado;Demasiado;Muy a menudo;Rara vez;Nunca;Mucho;Algo;Ocasionalmente;A menudo;Muy a menudo;Poco inadecuado;No;Altamente adecuado;No;Medianamente inadecuado;Si;Poco inadecuado;Si;Un poco adecuado;Si;Medianamente inadecuado;No;Muy inadecuado;No;Un poco adecuado;No;Medianamente inadecuado;No;Muy inadecuado;No;Altamente adecuado;No;Poco inadecuado;No;Medianamente inadecuado;No;Medianamente inadecuado;No;Altamente adecuado;No;Medianamente inadecuado;No;Poco inadecuado;No;Medianamente adecuado;No;Un poco adecuado;No;Altamente adecuado;No;Poco inadecuado;No
12;"";acepto participar;0haoohelgs7cluojdc4l;;7;2;1;3;1;7;2;2;;1;4;;;;;;;6;;;A menudo;Nada;Ocasionalmente;Nunca;Muy a menudo;Muy a menudo;Ocasionalmente;Nada;Un poco;Mucho;Un poco;Algo;Ocasionalmente;Muy a menudo;Rara vez;Algo;Algo;Muy a menudo;Muy a menudo;Muy a menudo;Poco inadecuado;No;Muy inadecuado;Si;Muy inadecuado;Si;Poco inadecuado;Si;Sin opinion;Si;Un poco adecuado;Si;Medianamente inadecuado;Si;Un poco adecuado;Si;Poco inadecuado;No;Poco inadecuado;No;Altamente adecuado;No;Un poco adecuado;Si;Sin opinion;Si;Medianamente inadecuado;Si;Sin opinion;Si;Altamente adecuado;No;Poco inadecuado;No;Medianamente inadecuado;No;Medianamente inadecuado;No;Altamente adecuado;No;Poco inadecuado;No
29;"";acepto participar;3o7um28k3kwfhrg8uqng;2;;;3;;4;;;;6;;;;4;1;;;;;;;Ocasionalmente;Demasiado;A menudo;A menudo;Nunca;Nunca;Rara vez;Un poco;Un poco;Mucho;Algo;Mucho;Nunca;Muy a menudo;Muy a menudo;Un poco;Algo;Rara vez;Ocasionalmente;Ocasionalmente;Medianamente adecuado;Si;Muy inadecuado;No;Muy inadecuado;No;Poco inadecuado;Si;Un poco adecuado;Si;Medianamente inadecuado;No;Muy inadecuado;No;Altamente adecuado;No;Un poco adecuado;Si;Sin opinion;Si;Medianamente inadecuado;Si;Poco inadecuado;No;Medianamente adecuado;No;Un poco adecuado;No;Medianamente inadecuado;No;Poco inadecuado;No;Medianamente adecuado;No;Un poco adecuado;No;Altamente adecuado;No;Poco inadecuado;No;Un poco adecuado;No
11;"";acepto participar;9l0g27yha117cda1ebhk;3;;;;;6;2;;;4;;;;3;;;;;;;;Nunca;Mucho;Nunca;Ocasionalmente;Ocasionalmente;Muy a menudo;A menudo;Algo;Nada;Algo;Demasiado;Mucho;A menudo;Nunca;Nunca;Un poco;Un poco;Rara vez;A menudo;Ocasionalmente;Medianamente inadecuado;Si;Un poco adecuado;No;Un poco adecuado;No;Medianamente adecuado;No;Altamente adecuado;Si;Un poco adecuado;No;Muy inadecuado;No;Medianamente adecuado;Si;Muy inadecuado;No;Poco inadecuado;Si;Un poco adecuado;Si;Medianamente inadecuado;No;Muy inadecuado;No;Altamente adecuado;No;Un poco adecuado;No;Medianamente inadecuado;No;Muy inadecuado;No;Altamente adecuado;No;Poco inadecuado;No;Medianamente inadecuado;No;Medianamente inadecuado;No
13;"";acepto participar;sg0cqglvv1ozgghj1x4y;;;2;1;3;1;7;2;2;;1;4;;;;;;;6;;;A menudo;Nada;Ocasionalmente;Ocasionalmente;Muy a menudo;A menudo;Ocasionalmente;Nada;Algo;Demasiado;Mucho;Mucho;Nunca;Nunca;Rara vez;Un poco;Un poco;A menudo;Ocasionalmente;A menudo;Altamente adecuado;No;Un poco adecuado;No;Muy inadecuado;Si;Poco inadecuado;Si;Sin opinion;Si;Un poco adecuado;Si;Medianamente inadecuado;Si;Un poco adecuado;Si;Poco inadecuado;No;Poco inadecuado;No;Altamente adecuado;No;Un poco adecuado;Si;Sin opinion;Si;Medianamente inadecuado;Si;Sin opinion;Si;Altamente adecuado;No;Poco inadecuado;No;Medianamente inadecuado;No;Medianamente inadecuado;No;Altamente adecuado;No;Poco inadecuado;No
16;"";acepto participar;4boc2x5s7l7n0m7ndqed;7;3;5;2;3;;2;6;4;1;4;6;;;;;;;;;;Ocasionalmente;Nada;Muy a menudo;Muy a menudo;Ocasionalmente;Nunca;Rara vez;Mucho;Un poco;Algo;Algo;Demasiado;Rara vez;Ocasionalmente;Ocasionalmente;Demasiado;Demasiado;Muy a menudo;Muy a menudo;Rara vez;Muy inadecuado;Si;Medianamente inadecuado;Si;Poco inadecuado;Si;Medianamente adecuado;Si;Muy inadecuado;No;Poco inadecuado;Si;Un poco adecuado;Si;Altamente adecuado;Si;Poco inadecuado;No;Altamente adecuado;No;Un poco adecuado;Si;Sin opinion;Si;Medianamente inadecuado;Si;Poco inadecuado;No;Medianamente inadecuado;Si;Poco inadecuado;No;Medianamente inadecuado;No;Medianamente inadecuado;No;Altamente adecuado;No;Poco inadecuado;No;Altamente adecuado;No
1;"";acepto participar;jbd2uzf26ebnr3uct9bh;6;2;3;1;1;;5;2;1;3;4;;;;2;;1;;;4;6;Ocasionalmente;Mucho;A menudo;Rara vez;A menudo;Nunca;A menudo;Nada;Algo;Algo;Demasiado;Mucho;Ocasionalmente;Nunca;Ocasionalmente;Demasiado;Mucho;A menudo;Nunca;Nunca;Un poco adecuado;Si;Medianamente inadecuado;Si;Un poco adecuado;Si;Medianamente inadecuado;Si;Altamente adecuado;No;Poco inadecuado;Si;Sin opinion;Si;Poco inadecuado;Si;Medianamente adecuado;Si;Muy inadecuado;No;Poco inadecuado;Si;Un poco adecuado;Si;Medianamente inadecuado;No;Muy inadecuado;No;Medianamente inadecuado;Si;Altamente adecuado;No;Un poco adecuado;Si;Sin opinion;Si;Medianamente inadecuado;Si;Poco inadecuado;No;Medianamente adecuado;No
15;"";acepto participar;gwbeg6ykjtcp04dv9knc;2;;;6;;;7;2;3;;1;4;;;;;;;6;;;Nunca;Algo;Ocasionalmente;Muy a menudo;A menudo;Ocasionalmente;Nunca;Algo;Demasiado;Mucho;Mucho;Nada;Nunca;Rara vez;Rara vez;Un poco;Mucho;Ocasionalmente;A menudo;Nunca;Poco inadecuado;Si;Medianamente adecuado;No;Medianamente adecuado;No;Altamente adecuado;Si;Un poco adecuado;No;Muy inadecuado;No;Poco inadecuado;Si;Un poco adecuado;Si;Poco inadecuado;No;Poco inadecuado;No;Altamente adecuado;No;Un poco adecuado;Si;Sin opinion;Si;Medianamente inadecuado;Si;Sin opinion;Si;Altamente adecuado;No;Poco inadecuado;No;Medianamente inadecuado;No;Medianamente inadecuado;No;Altamente adecuado;No;Poco inadecuado;No
14;"";acepto participar;fgwcwwzg1by5yav145nr;1;;;1;3;1;;1;2;;;;4;4;3;;6;;;;;Nunca;Algo;Nunca;Muy a menudo;Muy a menudo;Ocasionalmente;Nunca;Un poco;Mucho;Un poco;Algo;Algo;Muy a menudo;Rara vez;Ocasionalmente;Algo;Demasiado;Muy a menudo;Muy a menudo;Muy a menudo;Medianamente inadecuado;Si;Altamente adecuado;No;Altamente adecuado;No;Poco inadecuado;Si;Sin opinion;Si;Un poco adecuado;Si;Medianamente inadecuado;Si;Muy inadecuado;No;Poco inadecuado;Si;Un poco adecuado;Si;Medianamente inadecuado;No;Muy inadecuado;No;Altamente adecuado;No;Poco inadecuado;No;Un poco adecuado;Si;Sin opinion;Si;Medianamente inadecuado;Si;Poco inadecuado;No;Medianamente adecuado;No;Un poco adecuado;No;Altamente adecuado;No
18;"";acepto participar;eos76rvjecl16r6t6e29;2;1;6;;3;;3;1;4;;;;;;4;;;;;;;Nunca;Demasiado;Muy a menudo;Ocasionalmente;Nunca;Rara vez;A menudo;Un poco;Algo;Algo;Demasiado;Un poco;Ocasionalmente;Ocasionalmente;Muy a menudo;Demasiado;Demasiado;Muy a menudo;Rara vez;Nunca;Muy inadecuado;Si;Poco inadecuado;Si;Altamente adecuado;Si;Un poco adecuado;No;Muy inadecuado;No;Poco inadecuado;Si;Un poco adecuado;Si;Poco inadecuado;Si;Un poco adecuado;Si;Medianamente inadecuado;No;Muy inadecuado;No;Altamente adecuado;No;Poco inadecuado;No;Medianamente inadecuado;No;Un poco adecuado;Si;Altamente adecuado;No;Medianamente inadecuado;No;Poco inadecuado;No;Medianamente adecuado;No;Un poco adecuado;No;Altamente adecuado;No
17;"";acepto participar;wv0y9fajq5f1kzfwxbwl;;;3;;3;;3;1;2;1;4;6;;;2;;;;;;;Ocasionalmente;Algo;Muy a menudo;A menudo;Ocasionalmente;Nunca;Ocasionalmente;Demasiado;Mucho;Mucho;Nada;Nada;Rara vez;Rara vez;Rara vez;Mucho;Algo;A menudo;Nunca;Muy a menudo;Un poco adecuado;No;Medianamente adecuado;No;Medianamente inadecuado;Si;Poco inadecuado;No;Altamente adecuado;No;Un poco adecuado;Si;Medianamente inadecuado;Si;Un poco adecuado;Si;Medianamente inadecuado;Si;Altamente adecuado;No;Un poco adecuado;Si;Sin opinion;Si;Medianamente inadecuado;Si;Poco inadecuado;No;Un poco adecuado;Si;Altamente adecuado;No;Medianamente inadecuado;No;Poco inadecuado;No;Medianamente adecuado;No;Un poco adecuado;No;Altamente adecuado;No
19;"";acepto participar;c3vex4lrv4p031x7y3ac;;5;6;;3;;3;1;4;;;;;;4;;;;;;;Ocasionalmente;Demasiado;A menudo;Ocasionalmente;Nunca;Ocasionalmente;Muy a menudo;Mucho;Mucho;Nada;Nada;Un poco;Rara vez;Rara vez;A menudo;Algo;Mucho;Nunca;Muy a menudo;Muy a menudo;Medianamente inadecuado;No;Poco inadecuado;Si;Altamente adecuado;Si;Un poco adecuado;No;Muy inadecuado;No;Poco inadecuado;Si;Un poco adecuado;Si;Poco inadecuado;Si;Un poco adecuado;Si;Medianamente inadecuado;No;Muy inadecuado;No;Altamente adecuado;No;Poco inadecuado;No;Medianamente inadecuado;No;Un poco adecuado;Si;Altamente adecuado;No;Medianamente inadecuado;No;Poco inadecuado;No;Medianamente adecuado;No;Un poco adecuado;No;Altamente adecuado;No
2;"";acepto participar;ncddtsfx5cr832r0mbu1;1;3;;;;;;3;6;;3;4;4;;6;;;;;;;Rara vez;Un poco;Ocasionalmente;Nunca;Muy a menudo;A menudo;Nunca;Algo;Nada;Demasiado;Demasiado;Algo;Nunca;Rara vez;A menudo;Un poco;Algo;Ocasionalmente;Muy a menudo;Rara vez;Sin opinion;Si;Un poco adecuado;Si;Sin opinion;No;Altamente adecuado;No;Un poco adecuado;No;Medianamente adecuado;No;Altamente adecuado;Si;Medianamente adecuado;No;Altamente adecuado;Si;Un poco adecuado;No;Muy inadecuado;No;Poco inadecuado;Si;Un poco adecuado;Si;Medianamente inadecuado;No;Poco inadecuado;Si;Un poco adecuado;Si;Medianamente inadecuado;No;Muy inadecuado;No;Altamente adecuado;No;Poco inadecuado;No;Medianamente inadecuado;No
4;"";acepto participar;o2vdnplbhrefm44zvpbc;5;;;1;1;;1;4;1;2;;1;;3;1;;;;4;;;Rara vez;Algo;Nunca;Muy a menudo;A menudo;Nunca;Ocasionalmente;Nada;Demasiado;Demasiado;Algo;Nada;Rara vez;A menudo;Rara vez;Algo;Algo;Muy a menudo;Rara vez;Ocasionalmente;Poco inadecuado;Si;Poco inadecuado;No;Poco inadecuado;No;Medianamente inadecuado;Si;Altamente adecuado;No;Poco inadecuado;Si;Sin opinion;Si;Poco inadecuado;Si;Sin opinion;Si;Un poco adecuado;Si;Medianamente inadecuado;Si;Altamente adecuado;No;Un poco adecuado;Si;Sin opinion;Si;Un poco adecuado;Si;Medianamente inadecuado;No;Muy inadecuado;No;Altamente adecuado;No;Poco inadecuado;No;Medianamente inadecuado;No;Medianamente inadecuado;No
3;"";acepto participar;n2n0rc9qvd3831y69xox;;2;;;;;;3;6;;3;4;4;;6;;;;;;;A menudo;Mucho;Rara vez;A menudo;Nunca;A menudo;Nunca;Algo;Algo;Demasiado;Mucho;Algo;Nunca;Ocasionalmente;Muy a menudo;Mucho;Mucho;Nunca;Nunca;Rara vez;Poco inadecuado;No;Medianamente inadecuado;Si;Sin opinion;No;Altamente adecuado;No;Un poco adecuado;No;Medianamente adecuado;No;Altamente adecuado;Si;Medianamente adecuado;No;Altamente adecuado;Si;Un poco adecuado;No;Muy inadecuado;No;Poco inadecuado;Si;Un poco adecuado;Si;Medianamente inadecuado;No;Poco inadecuado;Si;Un poco adecuado;Si;Medianamente inadecuado;No;Muy inadecuado;No;Altamente adecuado;No;Poco inadecuado;No;Medianamente inadecuado;No
5;"";acepto participar;hj00umtugeo0kal8ogjp;;;;1;1;;1;4;1;2;;1;;3;1;;;;4;;;A menudo;Un poco;A menudo;Nunca;A menudo;Nunca;Ocasionalmente;Algo;Demasiado;Mucho;Algo;Nada;Ocasionalmente;Muy a menudo;A menudo;Mucho;Nada;Nunca;Rara vez;Rara vez;Medianamente adecuado;No;Sin opinion;No;Poco inadecuado;No;Medianamente inadecuado;Si;Altamente adecuado;No;Poco inadecuado;Si;Sin opinion;Si;Poco inadecuado;Si;Sin opinion;Si;Un poco adecuado;Si;Medianamente inadecuado;Si;Altamente adecuado;No;Un poco adecuado;Si;Sin opinion;Si;Un poco adecuado;Si;Medianamente inadecuado;No;Muy inadecuado;No;Altamente adecuado;No;Poco inadecuado;No;Medianamente inadecuado;No;Medianamente inadecuado;No
7;"";acepto participar;7jqdo2yb1lhd2nat5sjc;2;;;;6;;6;5;;3;4;;;;;;2;;;;;Rara vez;Mucho;Nunca;A menudo;Nunca;Ocasionalmente;Ocasionalmente;Demasiado;Mucho;Algo;Nada;Algo;Muy a menudo;A menudo;A menudo;Nada;Nada;Rara vez;Rara vez;Rara vez;Medianamente inadecuado;Si;Altamente adecuado;No;Altamente adecuado;No;Un poco adecuado;No;Medianamente adecuado;No;Altamente adecuado;Si;Un poco adecuado;No;Altamente adecuado;Si;Un poco adecuado;No;Muy inadecuado;No;Poco inadecuado;Si;Un poco adecuado;Si;Medianamente inadecuado;No;Muy inadecuado;No;Poco inadecuado;Si;Medianamente inadecuado;No;Sin opinion;Si;Altamente adecuado;No;Poco inadecuado;No;Medianamente inadecuado;No;Medianamente inadecuado;No
8;"";acepto participar;sh09phd2pw2k2po0uz6m;3;1;2;;;6;;;;2;;1;;3;;;;;4;;;Nunca;Demasiado;A menudo;Nunca;Ocasionalmente;Nunca;Muy a menudo;Demasiado;Algo;Nada;Un poco;Mucho;Rara vez;Ocasionalmente;Ocasionalmente;Demasiado;Un poco;Ocasionalmente;Ocasionalmente;Muy a menudo;Un poco adecuado;Si;Medianamente inadecuado;Si;Poco inadecuado;Si;Medianamente adecuado;No;Altamente adecuado;Si;Un poco adecuado;No;Muy inadecuado;No;Poco inadecuado;No;Altamente adecuado;No;Un poco adecuado;Si;Medianamente inadecuado;Si;Altamente adecuado;No;Un poco adecuado;Si;Sin opinion;Si;Un poco adecuado;No;Medianamente inadecuado;No;Muy inadecuado;No;Altamente adecuado;No;Poco inadecuado;No;Medianamente inadecuado;No;Medianamente inadecuado;No
6;"";acepto participar;u23vwlftbeue9l0gq99b;3;;;7;;3;6;5;;3;4;;;;;;2;;;;;Ocasionalmente;Nada;Muy a menudo;A menudo;Nunca;Ocasionalmente;Nunca;Demasiado;Demasiado;Algo;Nada;Un poco;A menudo;Rara vez;Ocasionalmente;Algo;Demasiado;Rara vez;Ocasionalmente;Ocasionalmente;Muy inadecuado;Si;Poco inadecuado;No;Poco inadecuado;No;Muy inadecuado;Si;Medianamente inadecuado;Si;Poco inadecuado;No;Altamente adecuado;No;Altamente adecuado;Si;Un poco adecuado;No;Muy inadecuado;No;Poco inadecuado;Si;Un poco adecuado;Si;Medianamente inadecuado;No;Muy inadecuado;No;Poco inadecuado;Si;Medianamente inadecuado;No;Sin opinion;Si;Altamente adecuado;No;Poco inadecuado;No;Medianamente inadecuado;No;Medianamente inadecuado;No
9;"";acepto participar;7tp4ymabmd7e838f8sfq;;;1;;1;1;2;;3;4;;;;3;;;;;;;;A menudo;Nada;A menudo;Nunca;Ocasionalmente;Ocasionalmente;Muy a menudo;Mucho;Algo;Nada;Algo;Demasiado;A menudo;A menudo;Nunca;Nada;Un poco;Rara vez;Rara vez;A menudo;Sin opinion;No;Altamente adecuado;No;Medianamente inadecuado;Si;Altamente adecuado;No;Poco inadecuado;Si;Sin opinion;Si;Un poco adecuado;Si;Medianamente adecuado;Si;Muy inadecuado;No;Poco inadecuado;Si;Un poco adecuado;Si;Medianamente inadecuado;No;Muy inadecuado;No;Altamente adecuado;No;Un poco adecuado;No;Medianamente inadecuado;No;Muy inadecuado;No;Altamente adecuado;No;Poco inadecuado;No;Medianamente inadecuado;No;Medianamente inadecuado;No
60;"";acepto participar;ba0pd5bjm0wrwqzjuycp;;6;;;;;1;;;6;;;;7;;;;1;;;;Ocasionalmente;Algo;A menudo;Muy a menudo;Ocasionalmente;Rara vez;Rara vez;Mucho;Demasiado;Demasiado;Algo;Mucho;Ocasionalmente;A menudo;Muy a menudo;Algo;Mucho;Nunca;A menudo;Ocasionalmente;Muy inadecuado;No;Medianamente inadecuado;Si;Medianamente inadecuado;No;Poco inadecuado;No;Medianamente adecuado;No;Un poco adecuado;No;Altamente adecuado;No;Poco inadecuado;Si;Altamente adecuado;No;Medianamente inadecuado;Si;Medianamente inadecuado;Si;Muy inadecuado;No;Poco inadecuado;No;Un poco adecuado;No;Muy inadecuado;No;Muy inadecuado;No;Poco inadecuado;No;Un poco adecuado;No;Medianamente adecuado;No;Un poco adecuado;Si;Poco inadecuado;No
50;"";acepto participar;xwny9f7d7d0cgjwbkls8;3;1;6;;;;;7;;;7;6;6;;4;1;;;;;;Muy a menudo;Demasiado;Rara vez;Nunca;A menudo;Ocasionalmente;Ocasionalmente;Mucho;Demasiado;Algo;Un poco;Un poco;A menudo;Muy a menudo;Muy a menudo;Algo;Mucho;Ocasionalmente;A menudo;Muy a menudo;Poco inadecuado;Si;Un poco adecuado;Si;Medianamente inadecuado;Si;Poco inadecuado;No;Medianamente inadecuado;No;Medianamente inadecuado;No;Altamente adecuado;No;Medianamente adecuado;No;Medianamente adecuado;Si;Poco inadecuado;No;Altamente adecuado;No;Medianamente inadecuado;Si;Medianamente inadecuado;Si;Muy inadecuado;No;Medianamente inadecuado;Si;Medianamente inadecuado;Si;Muy inadecuado;No;Poco inadecuado;No;Un poco adecuado;No;Medianamente adecuado;No;Un poco adecuado;Si
51;"";acepto participar;26weuh3b9kcjuav335sc;;;1;;;;2;2;;;;;;;;;;;;6;6;A menudo;Nada;Muy a menudo;Muy a menudo;Rara vez;Ocasionalmente;Rara vez;Algo;Algo;Mucho;Algo;Demasiado;Nunca;Muy a menudo;A menudo;Nada;Nada;Rara vez;Rara vez;Rara vez;Medianamente inadecuado;No;Muy inadecuado;No;Un poco adecuado;Si;Altamente adecuado;No;Medianamente inadecuado;No;Poco inadecuado;No;Medianamente adecuado;No;Medianamente adecuado;Si;Medianamente adecuado;No;Un poco adecuado;No;Altamente adecuado;No;Poco inadecuado;No;Un poco adecuado;No;Medianamente adecuado;No;Medianamente inadecuado;Si;Un poco adecuado;No;Medianamente adecuado;No;Altamente adecuado;Si;Medianamente adecuado;Si;Un poco adecuado;No;Medianamente adecuado;No
52;"";acepto participar;rycoe1t8vrjlhnegcqha;1;4;;;;;;;;;;;2;;;;;;;;;Muy a menudo;Un poco;Nunca;A menudo;Ocasionalmente;Ocasionalmente;A menudo;Demasiado;Algo;Un poco;Un poco;Mucho;Muy a menudo;Muy a menudo;Ocasionalmente;Mucho;Algo;A menudo;Muy a menudo;Ocasionalmente;Un poco adecuado;Si;Sin opinion;Si;Altamente adecuado;No;Poco inadecuado;No;Medianamente inadecuado;No;Medianamente inadecuado;No;Altamente adecuado;No;Poco inadecuado;No;Medianamente adecuado;No;Un poco adecuado;No;Altamente adecuado;No;Poco inadecuado;No;Un poco adecuado;No;Medianamente adecuado;No;Medianamente inadecuado;No;Un poco adecuado;Si;Muy inadecuado;No;Muy inadecuado;No;Poco inadecuado;No;Un poco adecuado;No;Medianamente adecuado;No
55;"";acepto participar;7wffu2nhxcmg9g93y790;;;;6;;;;2;;;;;;;4;1;;;6;;;Muy a menudo;Demasiado;Rara vez;Ocasionalmente;Rara vez;Ocasionalmente;Ocasionalmente;Mucho;Algo;Demasiado;Nada;Demasiado;A menudo;Nunca;Nunca;Un poco;Un poco;Rara vez;A menudo;Rara vez;Muy inadecuado;No;Altamente adecuado;No;Muy inadecuado;No;Medianamente inadecuado;Si;Poco inadecuado;No;Medianamente adecuado;No;Un poco adecuado;No;Medianamente inadecuado;No;Medianamente adecuado;Si;Altamente adecuado;No;Poco inadecuado;No;Un poco adecuado;No;Medianamente adecuado;No;Altamente adecuado;Si;Un poco adecuado;Si;Muy inadecuado;No;Muy inadecuado;No;Poco inadecuado;No;Un poco adecuado;No;Medianamente adecuado;No;Un poco adecuado;Si
40;"";acepto participar;p2k1ddn88h1hv46a4jjl;;;4;;;;6;4;;;;;;;;;;;;7;6;Rara vez;Algo;Ocasionalmente;Muy a menudo;Muy a menudo;Muy a menudo;Muy a menudo;Un poco;Nada;Mucho;Algo;Algo;A menudo;Muy a menudo;Ocasionalmente;Un poco;Un poco;A menudo;Muy a menudo;Muy a menudo;Poco inadecuado;No;Poco inadecuado;No;Un poco adecuado;Si;Medianamente inadecuado;No;Muy inadecuado;No;Altamente adecuado;No;Poco inadecuado;No;Medianamente inadecuado;Si;Poco inadecuado;No;Medianamente inadecuado;No;Medianamente inadecuado;No;Altamente adecuado;No;Poco inadecuado;No;Altamente adecuado;No;Medianamente adecuado;Si;Poco inadecuado;No;Altamente adecuado;No;Medianamente inadecuado;Si;Medianamente inadecuado;Si;Muy inadecuado;No;Poco inadecuado;No
53;"";acepto participar;rfw89dz5zxt91yqvyo9r;2;;;;;;;;;;;;2;;;;;;;;;Nunca;Demasiado;Muy a menudo;Rara vez;Ocasionalmente;Rara vez;Ocasionalmente;Algo;Mucho;Algo;Demasiado;Nada;Muy a menudo;A menudo;Nunca;Nada;Un poco;Rara vez;Rara vez;A menudo;Sin opinion;Si;Altamente adecuado;No;Altamente adecuado;No;Poco inadecuado;No;Medianamente inadecuado;No;Medianamente inadecuado;No;Altamente adecuado;No;Poco inadecuado;No;Medianamente adecuado;No;Un poco adecuado;No;Altamente adecuado;No;Poco inadecuado;No;Un poco adecuado;No;Medianamente adecuado;No;Medianamente inadecuado;No;Un poco adecuado;Si;Muy inadecuado;No;Muy inadecuado;No;Poco inadecuado;No;Un poco adecuado;No;Medianamente adecuado;No
54;"";acepto participar;lvqjnj4x6byzvuf2dqmf;1;;;6;;;;2;;;;;;;4;1;;;6;;;Rara vez;Nada;A menudo;Ocasionalmente;Ocasionalmente;A menudo;Muy a menudo;Algo;Un poco;Un poco;Mucho;Demasiado;Muy a menudo;Ocasionalmente;A menudo;Algo;Mucho;Muy a menudo;Ocasionalmente;A menudo;Poco inadecuado;Si;Muy inadecuado;No;Muy inadecuado;No;Medianamente inadecuado;Si;Poco inadecuado;No;Medianamente adecuado;No;Un poco adecuado;No;Medianamente inadecuado;No;Medianamente adecuado;Si;Altamente adecuado;No;Poco inadecuado;No;Un poco adecuado;No;Medianamente adecuado;No;Altamente adecuado;Si;Un poco adecuado;Si;Muy inadecuado;No;Muy inadecuado;No;Poco inadecuado;No;Un poco adecuado;No;Medianamente adecuado;No;Un poco adecuado;Si
57;"";acepto participar;ary5rcy4556anu1f8krd;6;;;;;;;;;;;;;;;4;6;;6;6;;Muy a menudo;Un poco;Ocasionalmente;Rara vez;Ocasionalmente;Ocasionalmente;A menudo;Algo;Demasiado;Nada;Demasiado;Mucho;Nunca;Nunca;Rara vez;Un poco;Un poco;A menudo;Rara vez;A menudo;Medianamente inadecuado;Si;Poco inadecuado;No;Poco inadecuado;No;Medianamente inadecuado;No;Medianamente inadecuado;No;Altamente adecuado;No;Poco inadecuado;No;Medianamente adecuado;No;Un poco adecuado;No;Altamente adecuado;No;Poco inadecuado;No;Un poco adecuado;No;Medianamente adecuado;No;Altamente adecuado;Si;Un poco adecuado;No;Medianamente adecuado;No;Altamente adecuado;Si;Medianamente adecuado;Si;Un poco adecuado;No;Medianamente adecuado;No;Poco inadecuado;Si
41;"";acepto participar;3bmedtacdtqb78lsrpop;5;;;;;;4;;;;;;;;6;;;;;7;6;Rara vez;Un poco;Rara vez;A menudo;Ocasionalmente;A menudo;Nunca;Demasiado;Demasiado;Un poco;Algo;Un poco;Ocasionalmente;Ocasionalmente;A menudo;Algo;Demasiado;Nunca;Muy a menudo;A menudo;Poco inadecuado;Si;Un poco adecuado;No;Un poco adecuado;No;Medianamente inadecuado;No;Muy inadecuado;No;Altamente adecuado;No;Poco inadecuado;No;Sin opinion;Si;Medianamente inadecuado;Si;Poco inadecuado;No;Medianamente adecuado;No;Un poco adecuado;No;Altamente adecuado;No;Poco inadecuado;No;Altamente adecuado;No;Poco inadecuado;No;Altamente adecuado;No;Medianamente inadecuado;Si;Medianamente inadecuado;Si;Muy inadecuado;No;Poco inadecuado;No
56;"";acepto participar;bugbwd2h8us0sqxox728;1;;;;;;4;;;7;6;;;;;1;;;;;;Nunca;Mucho;Ocasionalmente;Ocasionalmente;A menudo;Muy a menudo;Ocasionalmente;Un poco;Un poco;Mucho;Demasiado;Demasiado;Ocasionalmente;A menudo;Ocasionalmente;Mucho;Demasiado;Ocasionalmente;A menudo;Nunca;Un poco adecuado;Si;Altamente adecuado;No;Altamente adecuado;No;Medianamente inadecuado;No;Poco inadecuado;No;Medianamente adecuado;No;Un poco adecuado;No;Medianamente adecuado;Si;Poco inadecuado;No;Altamente adecuado;No;Medianamente inadecuado;Si;Medianamente inadecuado;Si;Muy inadecuado;No;Poco inadecuado;No;Altamente adecuado;No;Muy inadecuado;No;Muy inadecuado;No;Poco inadecuado;No;Un poco adecuado;No;Medianamente adecuado;No;Un poco adecuado;Si
42;"";acepto participar;rup7zshhwu1tcxp5e589;2;;;1;6;4;;1;;;;;;;;;7;;;6;;Ocasionalmente;Algo;Muy a menudo;Muy a menudo;Muy a menudo;Muy a menudo;Rara vez;Nada;Mucho;Algo;Algo;Mucho;Muy a menudo;Ocasionalmente;Rara vez;Un poco;Mucho;Muy a menudo;Muy a menudo;Ocasionalmente;Medianamente inadecuado;Si;Altamente adecuado;No;Altamente adecuado;No;Un poco adecuado;Si;Sin opinion;Si;Medianamente inadecuado;Si;Poco inadecuado;No;Altamente adecuado;No;Medianamente inadecuado;No;Poco inadecuado;No;Medianamente adecuado;No;Un poco adecuado;No;Altamente adecuado;No;Poco inadecuado;No;Poco inadecuado;Si;Altamente adecuado;No;Medianamente inadecuado;Si;Medianamente inadecuado;Si;Muy inadecuado;No;Poco inadecuado;No;Un poco adecuado;No
58;"";acepto participar;g7gouotzz344cy9bu7kt;4;6;;;;4;1;;;6;;;;7;;;;1;;;;A menudo;Algo;Ocasionalmente;A menudo;Muy a menudo;Ocasionalmente;Rara vez;Un poco;Mucho;Demasiado;Demasiado;Algo;A menudo;Ocasionalmente;A menudo;Demasiado;Algo;A menudo;Nunca;A menudo;Sin opinion;Si;Medianamente inadecuado;Si;Medianamente adecuado;No;Medianamente adecuado;No;Medianamente adecuado;Si;Poco inadecuado;No;Altamente adecuado;No;Poco inadecuado;Si;Altamente adecuado;No;Medianamente inadecuado;Si;Medianamente inadecuado;Si;Muy inadecuado;No;Poco inadecuado;No;Un poco adecuado;No;Muy inadecuado;No;Muy inadecuado;No;Poco inadecuado;No;Un poco adecuado;No;Medianamente adecuado;No;Un poco adecuado;Si;Poco inadecuado;No
59;"";acepto participar;8tfm36bqo2frtsz5jfum;;;6;;;;4;;;;;6;6;;;;6;4;6;;;Rara vez;Algo;Rara vez;Ocasionalmente;Ocasionalmente;A menudo;Ocasionalmente;Demasiado;Nada;Demasiado;Mucho;Nada;Nunca;Rara vez;Rara vez;Un poco;Mucho;Rara vez;A menudo;Ocasionalmente;Altamente adecuado;No;Poco inadecuado;No;Medianamente inadecuado;Si;Poco inadecuado;No;Medianamente adecuado;No;Un poco adecuado;No;Altamente adecuado;No;Medianamente adecuado;Si;Altamente adecuado;No;Poco inadecuado;No;Un poco adecuado;No;Medianamente adecuado;No;Altamente adecuado;Si;Medianamente adecuado;Si;Medianamente adecuado;No;Altamente adecuado;Si;Medianamente adecuado;Si;Un poco adecuado;No;Medianamente adecuado;No;Poco inadecuado;Si;Muy inadecuado;No
44;"";acepto participar;umzyodzecpppq5cmadlv;;;;2;;;6;;;;;;;;;6;;6;7;;;Ocasionalmente;Demasiado;Muy a menudo;Muy a menudo;Muy a menudo;Rara vez;Nunca;Mucho;Algo;Algo;Mucho;Demasiado;Ocasionalmente;Rara vez;Rara vez;Mucho;Demasiado;Muy a menudo;Ocasionalmente;A menudo;Poco inadecuado;No;Altamente adecuado;No;Medianamente inadecuado;No;Sin opinion;Si;Altamente adecuado;No;Poco inadecuado;No;Medianamente inadecuado;No;Medianamente adecuado;Si;Medianamente inadecuado;No;Medianamente inadecuado;No;Altamente adecuado;No;Poco inadecuado;No;Altamente adecuado;No;Medianamente inadecuado;Si;Un poco adecuado;No;Altamente adecuado;No;Poco inadecuado;No;Un poco adecuado;No;Medianamente adecuado;No;Altamente adecuado;Si;Medianamente adecuado;Si
32;"";acepto participar;r1yuvoh5al57nxgt0zjp;;3;2;;1;;1;;4;;;;;6;4;;;;;;;Rara vez;Algo;Ocasionalmente;Muy a menudo;Rara vez;Ocasionalmente;Ocasionalmente;Demasiado;Demasiado;Demasiado;Demasiado;Un poco;Nunca;A menudo;Ocasionalmente;Algo;Mucho;Muy a menudo;Ocasionalmente;Rara vez;Altamente adecuado;No;Un poco adecuado;Si;Altamente adecuado;Si;Poco inadecuado;No;Altamente adecuado;No;Un poco adecuado;Si;Sin opinion;Si;Un poco adecuado;Si;Sin opinion;Si;Medianamente inadecuado;Si;Poco inadecuado;No;Medianamente adecuado;No;Un poco adecuado;No;Altamente adecuado;No;Poco inadecuado;No;Medianamente adecuado;No;Un poco adecuado;No;Altamente adecuado;No;Poco inadecuado;No;Un poco adecuado;No;Medianamente adecuado;No
43;"";acepto participar;5qs2shn5lbl6nacwdy87;5;;;2;;;6;;;;;;;;;6;;6;7;;;Rara vez;Un poco;A menudo;Ocasionalmente;A menudo;Nunca;Muy a menudo;Demasiado;Un poco;Algo;Un poco;Algo;Ocasionalmente;A menudo;Ocasionalmente;Demasiado;Nada;Muy a menudo;A menudo;Nunca;Poco inadecuado;Si;Medianamente inadecuado;No;Medianamente inadecuado;No;Sin opinion;Si;Altamente adecuado;No;Poco inadecuado;No;Medianamente inadecuado;No;Medianamente adecuado;Si;Medianamente inadecuado;No;Medianamente inadecuado;No;Altamente adecuado;No;Poco inadecuado;No;Altamente adecuado;No;Medianamente inadecuado;Si;Un poco adecuado;No;Altamente adecuado;No;Poco inadecuado;No;Un poco adecuado;No;Medianamente adecuado;No;Altamente adecuado;Si;Medianamente adecuado;Si
47;"";acepto participar;ayz28wvk28lkuhtq47lq;;;1;4;;6;;2;;;;;7;;;;6;;;;;A menudo;Algo;A menudo;Nunca;Muy a menudo;Muy a menudo;Rara vez;Algo;Un poco;Algo;Algo;Mucho;Ocasionalmente;Muy a menudo;Nunca;Demasiado;Mucho;Nunca;Nunca;Rara vez;Un poco adecuado;No;Medianamente inadecuado;No;Un poco adecuado;Si;Sin opinion;Si;Medianamente inadecuado;Si;Poco inadecuado;No;Medianamente adecuado;No;Medianamente inadecuado;No;Poco inadecuado;No;Medianamente adecuado;No;Un poco adecuado;No;Altamente adecuado;No;Poco inadecuado;No;Un poco adecuado;No;Medianamente inadecuado;Si;Medianamente inadecuado;Si;Medianamente inadecuado;Si;Muy inadecuado;No;Poco inadecuado;No;Un poco adecuado;No;Medianamente adecuado;No
45;"";acepto participar;oabcatsp7y63gopq6xc4;4;;;;;;;1;;;;;;;;;7;;;6;;Rara vez;Mucho;Ocasionalmente;A menudo;Nunca;Muy a menudo;Muy a menudo;Un poco;Algo;Un poco;Algo;Algo;A menudo;Ocasionalmente;Muy a menudo;Nada;Demasiado;A menudo;Nunca;Nunca;Un poco adecuado;Si;Medianamente inadecuado;No;Medianamente inadecuado;No;Muy inadecuado;No;Altamente adecuado;No;Poco inadecuado;No;Medianamente inadecuado;No;Altamente adecuado;No;Medianamente inadecuado;No;Poco inadecuado;No;Medianamente adecuado;No;Un poco adecuado;No;Altamente adecuado;No;Poco inadecuado;No;Poco inadecuado;Si;Altamente adecuado;No;Medianamente inadecuado;Si;Medianamente inadecuado;Si;Muy inadecuado;No;Poco inadecuado;No;Un poco adecuado;No
48;"";acepto participar;gm7hp7koq5r92y89jfzo;;1;1;;;6;;2;;;;7;;;;;;;6;6;6;Muy a menudo;Demasiado;Muy a menudo;Rara vez;Nunca;A menudo;Ocasionalmente;Algo;Mucho;Demasiado;Algo;Un poco;Rara vez;A menudo;Muy a menudo;Demasiado;Algo;A menudo;Ocasionalmente;A menudo;Altamente adecuado;No;Un poco adecuado;Si;Poco inadecuado;Si;Muy inadecuado;No;Medianamente inadecuado;Si;Poco inadecuado;No;Medianamente adecuado;No;Medianamente inadecuado;No;Medianamente inadecuado;No;Altamente adecuado;No;Poco inadecuado;No;Altamente adecuado;No;Medianamente inadecuado;Si;Medianamente inadecuado;Si;Medianamente inadecuado;Si;Un poco adecuado;No;Medianamente adecuado;No;Altamente adecuado;Si;Medianamente adecuado;Si;Un poco adecuado;No;Medianamente adecuado;No
46;"";acepto participar;7azht26lsssswtnxfed4;3;1;2;;;;;;;;;7;7;4;;;6;;6;;;Muy a menudo;Demasiado;Muy a menudo;Muy a menudo;Rara vez;Nunca;A menudo;Algo;Algo;Mucho;Demasiado;Algo;Rara vez;Rara vez;A menudo;Demasiado;Demasiado;Ocasionalmente;A menudo;Ocasionalmente;Medianamente inadecuado;Si;Un poco adecuado;Si;Sin opinion;Si;Altamente adecuado;No;Poco inadecuado;No;Medianamente inadecuado;No;Medianamente inadecuado;No;Medianamente adecuado;No;Medianamente adecuado;No;Medianamente adecuado;Si;Poco inadecuado;No;Altamente adecuado;No;Medianamente inadecuado;Si;Medianamente inadecuado;Si;Altamente adecuado;No;Medianamente inadecuado;Si;Medianamente inadecuado;Si;Muy inadecuado;No;Poco inadecuado;No;Un poco adecuado;No;Medianamente adecuado;No
49;"";acepto participar;nk6rh54mlqhb96tk0fzs;;2;;;;;;2;;;;;7;;;;6;;;;;Ocasionalmente;Mucho;Nunca;Muy a menudo;Muy a menudo;Rara vez;Ocasionalmente;Un poco;Algo;Algo;Mucho;Algo;Muy a menudo;Nunca;Muy a menudo;Mucho;Nada;Nunca;Rara vez;Rara vez;Medianamente inadecuado;No;Sin opinion;Si;Muy inadecuado;No;Altamente adecuado;No;Poco inadecuado;No;Medianamente inadecuado;No;Medianamente inadecuado;No;Medianamente inadecuado;No;Poco inadecuado;No;Medianamente adecuado;No;Un poco adecuado;No;Altamente adecuado;No;Poco inadecuado;No;Un poco adecuado;No;Medianamente inadecuado;Si;Medianamente inadecuado;Si;Medianamente inadecuado;Si;Muy inadecuado;No;Poco inadecuado;No;Un poco adecuado;No;Medianamente adecuado;No
31;"";acepto participar;91cu6bt63a4g9ylafnru;;;3;2;1;;;;4;;;;;;;;;;;;;Muy a menudo;Mucho;A menudo;Nunca;Nunca;Rara vez;Rara vez;Un poco;Mucho;Algo;Mucho;Nada;Muy a menudo;Muy a menudo;Rara vez;Algo;Un poco;Ocasionalmente;Ocasionalmente;A menudo;Un poco adecuado;No;Muy inadecuado;No;Un poco adecuado;Si;Medianamente inadecuado;Si;Altamente adecuado;No;Un poco adecuado;Si;Sin opinion;Si;Medianamente inadecuado;No;Muy inadecuado;No;Altamente adecuado;No;Poco inadecuado;No;Medianamente inadecuado;No;Medianamente inadecuado;No;Altamente adecuado;No;Medianamente inadecuado;No;Poco inadecuado;No;Medianamente adecuado;No;Un poco adecuado;No;Altamente adecuado;No;Poco inadecuado;No;Un poco adecuado;No
34;"";acepto participar;naa3ld6m41lvvwj02v1k;7;;;;1;;2;;4;;;;4;;;;;6;;;7;Ocasionalmente;Algo;Muy a menudo;Rara vez;Ocasionalmente;Ocasionalmente;Muy a menudo;Demasiado;Demasiado;Demasiado;Un poco;Nada;A menudo;Ocasionalmente;Ocasionalmente;Mucho;Demasiado;Ocasionalmente;Rara vez;Rara vez;Un poco adecuado;Si;Poco inadecuado;No;Poco inadecuado;No;Poco inadecuado;No;Altamente adecuado;No;Un poco adecuado;Si;Sin opinion;Si;Sin opinion;Si;Altamente adecuado;No;Poco inadecuado;No;Medianamente inadecuado;No;Medianamente inadecuado;No;Altamente adecuado;No;Poco inadecuado;No;Medianamente adecuado;No;Medianamente adecuado;Si;Poco inadecuado;No;Altamente adecuado;No;Medianamente inadecuado;Si;Medianamente inadecuado;Si;Muy inadecuado;No
37;"";acepto participar;jllymrkbmn3oupv6sxkw;1;5;;;4;1;4;;6;;;;;;6;;;;;7;6;Nunca;Nada;Rara vez;Rara vez;Rara vez;A menudo;Ocasionalmente;Mucho;Nada;Demasiado;Demasiado;Un poco;Ocasionalmente;Rara vez;Ocasionalmente;Algo;Mucho;Ocasionalmente;Muy a menudo;Nunca;Medianamente adecuado;Si;Poco inadecuado;Si;Poco inadecuado;No;Altamente adecuado;No;Un poco adecuado;Si;Sin opinion;Si;Medianamente inadecuado;Si;Sin opinion;Si;Medianamente inadecuado;Si;Poco inadecuado;No;Medianamente adecuado;No;Un poco adecuado;No;Altamente adecuado;No;Poco inadecuado;No;Altamente adecuado;No;Poco inadecuado;No;Altamente adecuado;No;Medianamente inadecuado;Si;Medianamente inadecuado;Si;Muy inadecuado;No;Poco inadecuado;No
33;"";acepto participar;loc54ns5hh9c5vp0elt7;6;3;;;1;;2;;4;;;;4;;;;;6;;;7;A menudo;Mucho;Nunca;Nunca;Rara vez;Rara vez;Rara vez;Mucho;Algo;Mucho;Nada;Demasiado;Muy a menudo;Rara vez;Ocasionalmente;Un poco;Algo;Ocasionalmente;A menudo;Ocasionalmente;Medianamente inadecuado;Si;Poco inadecuado;Si;Poco inadecuado;No;Poco inadecuado;No;Altamente adecuado;No;Un poco adecuado;Si;Sin opinion;Si;Sin opinion;Si;Altamente adecuado;No;Poco inadecuado;No;Medianamente inadecuado;No;Medianamente inadecuado;No;Altamente adecuado;No;Poco inadecuado;No;Medianamente adecuado;No;Medianamente adecuado;Si;Poco inadecuado;No;Altamente adecuado;No;Medianamente inadecuado;Si;Medianamente inadecuado;Si;Muy inadecuado;No
38;"";acepto participar;gmvcnev1lxpk6h4rk84v;2;;;;4;1;4;;6;;;;;;6;;;;;7;6;Muy a menudo;Un poco;Ocasionalmente;Ocasionalmente;Muy a menudo;Muy a menudo;Muy a menudo;Demasiado;Un poco;Nada;Mucho;Algo;Ocasionalmente;A menudo;Muy a menudo;Algo;Un poco;Rara vez;A menudo;Muy a menudo;Altamente adecuado;Si;Poco inadecuado;No;Poco inadecuado;No;Altamente adecuado;No;Un poco adecuado;Si;Sin opinion;Si;Medianamente inadecuado;Si;Sin opinion;Si;Medianamente inadecuado;Si;Poco inadecuado;No;Medianamente adecuado;No;Un poco adecuado;No;Altamente adecuado;No;Poco inadecuado;No;Altamente adecuado;No;Poco inadecuado;No;Altamente adecuado;No;Medianamente inadecuado;Si;Medianamente inadecuado;Si;Muy inadecuado;No;Poco inadecuado;No
35;"";acepto participar;wo5ctqn3axz7nb6z2keo;;3;5;;;;2;;;;;;4;;;;;6;;;7;A menudo;Nada;Nunca;Rara vez;Rara vez;Rara vez;A menudo;Algo;Mucho;Nada;Demasiado;Demasiado;Rara vez;Ocasionalmente;Rara vez;Algo;Algo;A menudo;Ocasionalmente;Muy a menudo;Muy inadecuado;No;Poco inadecuado;Si;Poco inadecuado;Si;Un poco adecuado;No;Medianamente inadecuado;No;Muy inadecuado;No;Altamente adecuado;No;Sin opinion;Si;Altamente adecuado;No;Poco inadecuado;No;Medianamente inadecuado;No;Medianamente inadecuado;No;Altamente adecuado;No;Poco inadecuado;No;Medianamente adecuado;No;Medianamente adecuado;Si;Poco inadecuado;No;Altamente adecuado;No;Medianamente inadecuado;Si;Medianamente inadecuado;Si;Muy inadecuado;No
36;"";acepto participar;9ouhhs52w7xec2zalr4o;3;2;5;;;2;1;;;;;;4;;;6;;;;;;Ocasionalmente;Demasiado;Rara vez;Ocasionalmente;Ocasionalmente;Muy a menudo;Muy a menudo;Demasiado;Demasiado;Un poco;Nada;Mucho;Ocasionalmente;Ocasionalmente;A menudo;Demasiado;Algo;Rara vez;Rara vez;A menudo;Un poco adecuado;Si;Medianamente inadecuado;Si;Poco inadecuado;Si;Medianamente inadecuado;No;Sin opinion;Si;Altamente adecuado;No;Poco inadecuado;No;Un poco adecuado;Si;Altamente adecuado;No;Medianamente inadecuado;No;Poco inadecuado;No;Medianamente adecuado;No;Un poco adecuado;No;Altamente adecuado;No;Medianamente inadecuado;No;Medianamente adecuado;Si;Altamente adecuado;No;Poco inadecuado;No;Un poco adecuado;No;Medianamente adecuado;No;Altamente adecuado;Si
39;"";acepto participar;0gbn1g49yqhdajdsv3mh;3;4;3;1;6;4;6;;;;;;;;;6;;6;7;;;Nunca;Un poco;Rara vez;Rara vez;A menudo;Ocasionalmente;A menudo;Nada;Demasiado;Demasiado;Un poco;Algo;Rara vez;Ocasionalmente;Ocasionalmente;Mucho;Algo;Muy a menudo;Nunca;Muy a menudo;Poco inadecuado;Si;Un poco adecuado;Si;Medianamente inadecuado;Si;Un poco adecuado;Si;Sin opinion;Si;Medianamente inadecuado;Si;Poco inadecuado;No;Medianamente adecuado;Si;Medianamente inadecuado;No;Medianamente inadecuado;No;Altamente adecuado;No;Poco inadecuado;No;Altamente adecuado;No;Medianamente inadecuado;Si;Un poco adecuado;No;Altamente adecuado;No;Poco inadecuado;No;Un poco adecuado;No;Medianamente adecuado;No;Altamente adecuado;Si;Medianamente adecuado;Si
