id;Consent_000_RAW;Consent_001_RAW;Consent_000_DIR;Consent_001_DIR;Consent_RAW_NA;Consent_DIR_NA;Consent_DIRt;CRS_01_RAW;CRS_02_RAW;CRS_03_RAW;CRS_04_RAW;CRS_05_RAW;CRS_06_RAW;CRS_07_RAW;CRS_08_RAW;CRS_09_RAW;CRS_10_RAW;CRS_11_RAW;CRS_12_RAW;CRS_13_RAW;CRS_14_RAW;CRS_15_RAW;CRS_16_RAW;CRS_17_RAW;CRS_18_RAW;CRS_19_RAW;CRS_20_RAW;CRS_01_DIR;CRS_02_DIR;CRS_03_DIR;CRS_04_DIR;CRS_05_DIR;CRS_06_DIR;CRS_07_DIR;CRS_08_DIR;CRS_09_DIR;CRS_10_DIR;CRS_11_DIR;CRS_12_DIR;CRS_13_DIR;CRS_14_DIR;CRS_15_DIR;CRS_16_DIR;CRS_17_DIR;CRS_18_DIR;CRS_19_DIR;CRS_20_DIR;CRS_RAW_NA;CRS_DIR_NA;CRS_Intelectual_DIRd;CRS_Ideologica_DIRd;CRS_PracticaPublica_DIRd;CRS_PracticaPrivada_DIRd;CRS_ExperienciaReligiosa_DIRd;CRS_DIRt;Goodbye_001_RAW;Goodbye_001_DIR;Goodbye_RAW_NA;Goodbye_DIR_NA;Goodbye_DIRt;MDDF_01_RAW;MDDF_02_RAW;MDDF_03_RAW;MDDF_04_RAW;MDDF_05_RAW;MDDF_06_RAW;MDDF_07_RAW;MDDF_08_RAW;MDDF_09_RAW;MDDF_10_RAW;MDDF_11_RAW;MDDF_12_RAW;MDDF_13_RAW;MDDF_14_RAW;MDDF_15_RAW;MDDF_16_RAW;MDDF_17_RAW;MDDF_18_RAW;MDDF_19_RAW;MDDF_20_RAW;MDDF_21_RAW;MDDF_22_RAW;MDDF_23_RAW;MDDF_24_RAW;MDDF_25_RAW;MDDF_26_RAW;MDDF_27_RAW;MDDF_28_RAW;MDDF_29_RAW;MDDF_30_RAW;MDDF_31_RAW;MDDF_32_RAW;MDDF_33_RAW;MDDF_34_RAW;MDDF_35_RAW;MDDF_36_RAW;MDDF_37_RAW;MDDF_38_RAW;MDDF_39_RAW;MDDF_40_RAW;MDDF_41_RAW;MDDF_42_RAW;MDDF_43_RAW;MDDF_44_RAW;MDDF_45_RAW;MDDF_46_RAW;MDDF_47_RAW;MDDF_48_RAW;MDDF_49_RAW;MDDF_50_RAW;MDDF_51_RAW;MDDF_52_RAW;MDDF_53_RAW;MDDF_54_RAW;MDDF_55_RAW;MDDF_56_RAW;MDDF_57_RAW;MDDF_58_RAW;MDDF_59_RAW;MDDF_60_RAW;MDDF_61_RAW;MDDF_62_RAW;MDDF_63_RAW;MDDF_01_DIR;MDDF_02_DIR;MDDF_03_DIR;MDDF_04_DIR;MDDF_05_DIR;MDDF_06_DIR;MDDF_07_DIR;MDDF_08_DIR;MDDF_09_DIR;MDDF_10_DIR;MDDF_11_DIR;MDDF_12_DIR;MDDF_13_DIR;MDDF_14_DIR;MDDF_15_DIR;MDDF_16_DIR;MDDF_17_DIR;MDDF_18_DIR;MDDF_19_DIR;MDDF_20_DIR;MDDF_21_DIR;MDDF_22_DIR;MDDF_23_DIR;MDDF_24_DIR;MDDF_25_DIR;MDDF_26_DIR;MDDF_27_DIR;MDDF_28_DIR;MDDF_29_DIR;MDDF_30_DIR;MDDF_31_DIR;MDDF_32_DIR;MDDF_33_DIR;MDDF_34_DIR;MDDF_35_DIR;MDDF_36_DIR;MDDF_37_DIR;MDDF_38_DIR;MDDF_39_DIR;MDDF_40_DIR;MDDF_41_DIR;MDDF_42_DIR;MDDF_43_DIR;MDDF_44_DIR;MDDF_45_DIR;MDDF_46_DIR;MDDF_47_DIR;MDDF_48_DIR;MDDF_49_DIR;MDDF_50_DIR;MDDF_51_DIR;MDDF_52_DIR;MDDF_53_DIR;MDDF_54_DIR;MDDF_55_DIR;MDDF_56_DIR;MDDF_57_DIR;MDDF_58_DIR;MDDF_59_DIR;MDDF_60_DIR;MDDF_61_DIR;MDDF_62_DIR;MDDF_63_DIR;MDDF_RAW_NA;MDDF_DIR_NA;MDDF_DisgustoMoralDumbfounding_DIRd;MDDF_DisgustoMoralSinDumbfounding_DIRd;MDDF_DisgustoNoMoral_DIRd;MDDF_SituacionesControl_DIRd;MDDF_DIRt
1;"";acepto participar;;1;0;0;1;Ocasionalmente;Mucho;A menudo;Rara vez;A menudo;Nunca;A menudo;Nada;Algo;Algo;Demasiado;Mucho;Ocasionalmente;Nunca;Ocasionalmente;Demasiado;Mucho;A menudo;Nunca;Nunca;3;4;4;2;4;1;4;1;3;3;5;4;3;1;3;5;4;4;1;1;0;0;2.33333333333333;4;3.66666666666667;3.33333333333333;2;60;jbd2uzf26ebnr3uct9bh;jbd2uzf26ebnr3uct9bh;0;0;DONE;Un poco adecuado;Si;6;Medianamente inadecuado;Si;2;Un poco adecuado;Si;3;Medianamente inadecuado;Si;1;Altamente adecuado;No;;Poco inadecuado;Si;1;Sin opinion;Si;1;Poco inadecuado;Si;5;Medianamente adecuado;Si;2;Muy inadecuado;No;;Poco inadecuado;Si;3;Un poco adecuado;Si;4;Medianamente inadecuado;No;;Muy inadecuado;No;;Medianamente inadecuado;Si;2;Altamente adecuado;No;;Un poco adecuado;Si;1;Sin opinion;Si;4;Medianamente inadecuado;Si;6;Poco inadecuado;No;;Medianamente adecuado;No;;4;1;6;1;1;2;4;1;3;1;1;1;6;0;;2;1;1;3;1;1;2;1;5;5;1;2;0;0;;2;1;3;4;1;4;1;0;;0;0;;1;1;2;6;0;;4;1;1;3;1;4;1;1;6;2;0;;5;0;;7;7;15;26;32;39;112
10;"";acepto participar;;1;0;0;1;Muy a menudo;Mucho;Nunca;Ocasionalmente;Nunca;Muy a menudo;Muy a menudo;Algo;Nada;Un poco;Mucho;Un poco;Ocasionalmente;Ocasionalmente;Muy a menudo;Un poco;Algo;Ocasionalmente;Muy a menudo;Muy a menudo;5;4;1;3;1;5;5;3;1;2;4;2;3;3;5;2;3;3;5;5;0;0;4.33333333333333;2.33333333333333;2;3;4.2;65;to0a83jgd0sly990pz2k;to0a83jgd0sly990pz2k;0;0;DONE;Poco inadecuado;No;;Medianamente inadecuado;Si;1;Muy inadecuado;Si;7;Medianamente inadecuado;Si;3;Poco inadecuado;No;;Altamente adecuado;No;;Un poco adecuado;Si;3;Sin opinion;Si;1;Un poco adecuado;Si;3;Medianamente inadecuado;Si;2;Altamente adecuado;No;;Un poco adecuado;Si;1;Sin opinion;Si;4;Medianamente inadecuado;Si;6;Medianamente inadecuado;No;;Muy inadecuado;No;;Altamente adecuado;No;;Poco inadecuado;No;;Medianamente inadecuado;No;;Medianamente inadecuado;No;;Altamente adecuado;No;;2;0;;1;1;1;0;1;7;1;1;3;2;0;;6;0;;4;1;3;3;1;1;4;1;3;1;1;2;6;0;;4;1;1;3;1;4;1;1;6;1;0;;0;0;;6;0;;2;0;;1;0;;1;0;;6;0;;11;11;5;29;39;23;96
11;"";acepto participar;;1;0;0;1;Nunca;Mucho;Nunca;Ocasionalmente;Ocasionalmente;Muy a menudo;A menudo;Algo;Nada;Algo;Demasiado;Mucho;A menudo;Nunca;Nunca;Un poco;Un poco;Rara vez;A menudo;Ocasionalmente;1;4;1;3;3;5;4;3;1;3;5;4;4;1;1;2;2;2;4;3;0;0;1.66666666666667;2.33333333333333;2;3.5;3.4;56;9l0g27yha117cda1ebhk;9l0g27yha117cda1ebhk;0;0;DONE;Medianamente inadecuado;Si;3;Un poco adecuado;No;;Un poco adecuado;No;;Medianamente adecuado;No;;Altamente adecuado;Si;6;Un poco adecuado;No;;Muy inadecuado;No;;Medianamente adecuado;Si;2;Muy inadecuado;No;;Poco inadecuado;Si;3;Un poco adecuado;Si;4;Medianamente inadecuado;No;;Muy inadecuado;No;;Altamente adecuado;No;;Un poco adecuado;No;;Medianamente inadecuado;No;;Muy inadecuado;No;;Altamente adecuado;No;;Poco inadecuado;No;;Medianamente inadecuado;No;;Medianamente inadecuado;No;;1;1;3;4;0;;4;0;;5;0;;6;1;6;4;0;;0;0;;5;1;2;0;0;;2;1;3;4;1;4;1;0;;0;0;;6;0;;4;0;;1;0;;0;0;;6;0;;2;0;;1;0;;1;0;;16;16;9;26;30;15;80
12;"";acepto participar;;1;0;0;1;A menudo;Nada;Ocasionalmente;Nunca;Muy a menudo;Muy a menudo;Ocasionalmente;Nada;Un poco;Mucho;Un poco;Algo;Ocasionalmente;Muy a menudo;Rara vez;Algo;Algo;Muy a menudo;Muy a menudo;Muy a menudo;4;1;3;1;5;5;3;1;2;4;2;3;3;5;2;3;3;5;5;5;0;0;2.33333333333333;2;3.33333333333333;3.5;4.2;65;0haoohelgs7cluojdc4l;0haoohelgs7cluojdc4l;0;0;DONE;Poco inadecuado;No;;Muy inadecuado;Si;7;Muy inadecuado;Si;2;Poco inadecuado;Si;1;Sin opinion;Si;1;Un poco adecuado;Si;3;Medianamente inadecuado;Si;2;Un poco adecuado;Si;7;Poco inadecuado;No;;Poco inadecuado;No;;Altamente adecuado;No;;Un poco adecuado;Si;1;Sin opinion;Si;4;Medianamente inadecuado;Si;6;Sin opinion;Si;2;Altamente adecuado;No;;Poco inadecuado;No;;Medianamente inadecuado;No;;Medianamente inadecuado;No;;Altamente adecuado;No;;Poco inadecuado;No;;2;0;;0;1;7;0;1;2;2;1;1;3;1;1;4;1;3;1;1;2;4;1;7;2;0;;2;0;;6;0;;4;1;1;3;1;4;1;1;6;3;1;2;6;0;;2;0;;1;0;;1;0;;6;0;;2;0;;10;10;10;24;38;30;102
13;"";acepto participar;;1;0;0;1;A menudo;Nada;Ocasionalmente;Ocasionalmente;Muy a menudo;A menudo;Ocasionalmente;Nada;Algo;Demasiado;Mucho;Mucho;Nunca;Nunca;Rara vez;Un poco;Un poco;A menudo;Ocasionalmente;A menudo;4;1;3;3;5;4;3;1;3;5;4;4;1;1;2;2;2;4;3;4;0;0;2.33333333333333;2;3.33333333333333;3.83333333333333;2.6;59;sg0cqglvv1ozgghj1x4y;sg0cqglvv1ozgghj1x4y;0;0;DONE;Altamente adecuado;No;;Un poco adecuado;No;;Muy inadecuado;Si;2;Poco inadecuado;Si;1;Sin opinion;Si;1;Un poco adecuado;Si;3;Medianamente inadecuado;Si;2;Un poco adecuado;Si;7;Poco inadecuado;No;;Poco inadecuado;No;;Altamente adecuado;No;;Un poco adecuado;Si;1;Sin opinion;Si;4;Medianamente inadecuado;Si;6;Sin opinion;Si;2;Altamente adecuado;No;;Poco inadecuado;No;;Medianamente inadecuado;No;;Medianamente inadecuado;No;;Altamente adecuado;No;;Poco inadecuado;No;;6;0;;4;0;;0;1;2;2;1;1;3;1;1;4;1;3;1;1;2;4;1;7;2;0;;2;0;;6;0;;4;1;1;3;1;4;1;1;6;3;1;2;6;0;;2;0;;1;0;;1;0;;6;0;;2;0;;11;11;10;24;38;30;102
14;"";acepto participar;;1;0;0;1;Nunca;Algo;Nunca;Muy a menudo;Muy a menudo;Ocasionalmente;Nunca;Un poco;Mucho;Un poco;Algo;Algo;Muy a menudo;Rara vez;Ocasionalmente;Algo;Demasiado;Muy a menudo;Muy a menudo;Muy a menudo;1;3;1;5;5;3;1;2;4;2;3;3;5;2;3;3;5;5;5;5;0;0;2;3.33333333333333;2.66666666666667;4.33333333333333;3.2;66;fgwcwwzg1by5yav145nr;fgwcwwzg1by5yav145nr;0;0;DONE;Medianamente inadecuado;Si;1;Altamente adecuado;No;;Altamente adecuado;No;;Poco inadecuado;Si;1;Sin opinion;Si;1;Un poco adecuado;Si;3;Medianamente inadecuado;Si;2;Muy inadecuado;No;;Poco inadecuado;Si;3;Un poco adecuado;Si;4;Medianamente inadecuado;No;;Muy inadecuado;No;;Altamente adecuado;No;;Poco inadecuado;No;;Un poco adecuado;Si;1;Sin opinion;Si;4;Medianamente inadecuado;Si;6;Poco inadecuado;No;;Medianamente adecuado;No;;Un poco adecuado;No;;Altamente adecuado;No;;1;1;1;6;0;;6;0;;2;1;1;3;1;1;4;1;3;1;1;2;0;0;;2;1;3;4;1;4;1;0;;0;0;;6;0;;2;0;;4;1;1;3;1;4;1;1;6;2;0;;5;0;;4;0;;6;0;;11;11;9;27;24;39;99
15;"";acepto participar;;1;0;0;1;Nunca;Algo;Ocasionalmente;Muy a menudo;A menudo;Ocasionalmente;Nunca;Algo;Demasiado;Mucho;Mucho;Nada;Nunca;Rara vez;Rara vez;Un poco;Mucho;Ocasionalmente;A menudo;Nunca;1;3;3;5;4;3;1;3;5;4;4;1;1;2;2;2;4;3;4;1;0;0;2;3.33333333333333;3.66666666666667;3.5;1.6;56;gwbeg6ykjtcp04dv9knc;gwbeg6ykjtcp04dv9knc;0;0;DONE;Poco inadecuado;Si;2;Medianamente adecuado;No;;Medianamente adecuado;No;;Altamente adecuado;Si;6;Un poco adecuado;No;;Muy inadecuado;No;;Poco inadecuado;Si;3;Un poco adecuado;Si;7;Poco inadecuado;No;;Poco inadecuado;No;;Altamente adecuado;No;;Un poco adecuado;Si;1;Sin opinion;Si;4;Medianamente inadecuado;Si;6;Sin opinion;Si;2;Altamente adecuado;No;;Poco inadecuado;No;;Medianamente inadecuado;No;;Medianamente inadecuado;No;;Altamente adecuado;No;;Poco inadecuado;No;;2;1;2;5;0;;5;0;;6;1;6;4;0;;0;0;;2;1;3;4;1;7;2;0;;2;0;;6;0;;4;1;1;3;1;4;1;1;6;3;1;2;6;0;;2;0;;1;0;;1;0;;6;0;;2;0;;13;13;10;28;38;30;106
16;"";acepto participar;;1;0;0;1;Ocasionalmente;Nada;Muy a menudo;Muy a menudo;Ocasionalmente;Nunca;Rara vez;Mucho;Un poco;Algo;Algo;Demasiado;Rara vez;Ocasionalmente;Ocasionalmente;Demasiado;Demasiado;Muy a menudo;Muy a menudo;Rara vez;3;1;5;5;3;1;2;4;2;3;3;5;2;3;3;5;5;5;5;2;0;0;3.33333333333333;2.66666666666667;4.33333333333333;4.33333333333333;2;67;4boc2x5s7l7n0m7ndqed;4boc2x5s7l7n0m7ndqed;0;0;DONE;Muy inadecuado;Si;7;Medianamente inadecuado;Si;3;Poco inadecuado;Si;5;Medianamente adecuado;Si;2;Muy inadecuado;No;;Poco inadecuado;Si;3;Un poco adecuado;Si;4;Altamente adecuado;Si;2;Poco inadecuado;No;;Altamente adecuado;No;;Un poco adecuado;Si;1;Sin opinion;Si;4;Medianamente inadecuado;Si;6;Poco inadecuado;No;;Medianamente inadecuado;Si;6;Poco inadecuado;No;;Medianamente inadecuado;No;;Medianamente inadecuado;No;;Altamente adecuado;No;;Poco inadecuado;No;;Altamente adecuado;No;;0;1;7;1;1;3;2;1;5;5;1;2;0;0;;2;1;3;4;1;4;6;1;2;2;0;;6;0;;4;1;1;3;1;4;1;1;6;2;0;;1;1;6;2;0;;1;0;;1;0;;6;0;;2;0;;6;0;;10;10;13;31;41;26;111
17;"";acepto participar;;1;0;0;1;Ocasionalmente;Algo;Muy a menudo;A menudo;Ocasionalmente;Nunca;Ocasionalmente;Demasiado;Mucho;Mucho;Nada;Nada;Rara vez;Rara vez;Rara vez;Mucho;Algo;A menudo;Nunca;Muy a menudo;3;3;5;4;3;1;3;5;4;4;1;1;2;2;2;4;3;4;1;5;0;0;3.33333333333333;3.66666666666667;4;2.33333333333333;2.6;60;wv0y9fajq5f1kzfwxbwl;wv0y9fajq5f1kzfwxbwl;0;0;DONE;Un poco adecuado;No;;Medianamente adecuado;No;;Medianamente inadecuado;Si;3;Poco inadecuado;No;;Altamente adecuado;No;;Un poco adecuado;Si;3;Medianamente inadecuado;Si;2;Un poco adecuado;Si;3;Medianamente inadecuado;Si;2;Altamente adecuado;No;;Un poco adecuado;Si;1;Sin opinion;Si;4;Medianamente inadecuado;Si;6;Poco inadecuado;No;;Un poco adecuado;Si;1;Altamente adecuado;No;;Medianamente inadecuado;No;;Poco inadecuado;No;;Medianamente adecuado;No;;Un poco adecuado;No;;Altamente adecuado;No;;4;0;;5;0;;1;1;3;2;0;;6;0;;4;1;3;1;1;2;4;1;3;1;1;2;6;0;;4;1;1;3;1;4;1;1;6;2;0;;4;1;1;6;0;;1;0;;2;0;;5;0;;4;0;;6;0;;12;12;9;25;42;30;106
18;"";acepto participar;;1;0;0;1;Nunca;Demasiado;Muy a menudo;Ocasionalmente;Nunca;Rara vez;A menudo;Un poco;Algo;Algo;Demasiado;Un poco;Ocasionalmente;Ocasionalmente;Muy a menudo;Demasiado;Demasiado;Muy a menudo;Rara vez;Nunca;1;5;5;3;1;2;4;2;3;3;5;2;3;3;5;5;5;5;2;1;0;0;2.66666666666667;4.33333333333333;4.33333333333333;3;2.6;65;eos76rvjecl16r6t6e29;eos76rvjecl16r6t6e29;0;0;DONE;Muy inadecuado;Si;2;Poco inadecuado;Si;1;Altamente adecuado;Si;6;Un poco adecuado;No;;Muy inadecuado;No;;Poco inadecuado;Si;3;Un poco adecuado;Si;4;Poco inadecuado;Si;3;Un poco adecuado;Si;4;Medianamente inadecuado;No;;Muy inadecuado;No;;Altamente adecuado;No;;Poco inadecuado;No;;Medianamente inadecuado;No;;Un poco adecuado;Si;1;Altamente adecuado;No;;Medianamente inadecuado;No;;Poco inadecuado;No;;Medianamente adecuado;No;;Un poco adecuado;No;;Altamente adecuado;No;;0;1;2;2;1;1;6;1;6;4;0;;0;0;;2;1;3;4;1;4;2;1;3;4;1;4;1;0;;0;0;;6;0;;2;0;;1;0;;4;1;1;6;0;;1;0;;2;0;;5;0;;4;0;;6;0;;13;13;7;32;25;30;94
19;"";acepto participar;;1;0;0;1;Ocasionalmente;Demasiado;A menudo;Ocasionalmente;Nunca;Ocasionalmente;Muy a menudo;Mucho;Mucho;Nada;Nada;Un poco;Rara vez;Rara vez;A menudo;Algo;Mucho;Nunca;Muy a menudo;Muy a menudo;3;5;4;3;1;3;5;4;4;1;1;2;2;2;4;3;4;1;5;5;0;0;3.66666666666667;4;3;2.16666666666667;3.4;62;c3vex4lrv4p031x7y3ac;c3vex4lrv4p031x7y3ac;0;0;DONE;Medianamente inadecuado;No;;Poco inadecuado;Si;5;Altamente adecuado;Si;6;Un poco adecuado;No;;Muy inadecuado;No;;Poco inadecuado;Si;3;Un poco adecuado;Si;4;Poco inadecuado;Si;3;Un poco adecuado;Si;4;Medianamente inadecuado;No;;Muy inadecuado;No;;Altamente adecuado;No;;Poco inadecuado;No;;Medianamente inadecuado;No;;Un poco adecuado;Si;1;Altamente adecuado;No;;Medianamente inadecuado;No;;Poco inadecuado;No;;Medianamente adecuado;No;;Un poco adecuado;No;;Altamente adecuado;No;;1;0;;2;1;5;6;1;6;4;0;;0;0;;2;1;3;4;1;4;2;1;3;4;1;4;1;0;;0;0;;6;0;;2;0;;1;0;;4;1;1;6;0;;1;0;;2;0;;5;0;;4;0;;6;0;;14;14;9;32;25;30;96
2;"";acepto participar;;1;0;0;1;Rara vez;Un poco;Ocasionalmente;Nunca;Muy a menudo;A menudo;Nunca;Algo;Nada;Demasiado;Demasiado;Algo;Nunca;Rara vez;A menudo;Un poco;Algo;Ocasionalmente;Muy a menudo;Rara vez;2;2;3;1;5;4;1;3;1;5;5;3;1;2;4;2;3;3;5;2;0;0;3;1.66666666666667;3.66666666666667;3.66666666666667;2;57;ncddtsfx5cr832r0mbu1;ncddtsfx5cr832r0mbu1;0;0;DONE;Sin opinion;Si;1;Un poco adecuado;Si;3;Sin opinion;No;;Altamente adecuado;No;;Un poco adecuado;No;;Medianamente adecuado;No;;Altamente adecuado;Si;6;Medianamente adecuado;No;;Altamente adecuado;Si;6;Un poco adecuado;No;;Muy inadecuado;No;;Poco inadecuado;Si;3;Un poco adecuado;Si;4;Medianamente inadecuado;No;;Poco inadecuado;Si;3;Un poco adecuado;Si;4;Medianamente inadecuado;No;;Muy inadecuado;No;;Altamente adecuado;No;;Poco inadecuado;No;;Medianamente inadecuado;No;;3;1;1;4;1;3;3;0;;6;0;;4;0;;5;0;;6;1;6;5;0;;6;1;6;4;0;;0;0;;2;1;3;4;1;4;1;0;;2;1;3;4;1;4;1;0;;0;0;;6;0;;2;0;;1;0;;13;13;13;31;38;25;107
20;"";acepto participar;;1;0;0;1;Muy a menudo;Demasiado;Ocasionalmente;Nunca;Rara vez;A menudo;Rara vez;Algo;Algo;Demasiado;Un poco;Algo;Ocasionalmente;Muy a menudo;Muy a menudo;Demasiado;Demasiado;Rara vez;Nunca;A menudo;5;5;3;1;2;4;2;3;3;5;2;3;3;5;5;5;5;2;1;4;0;0;4.33333333333333;4.33333333333333;4.33333333333333;1.83333333333333;3.6;68;y9xk3ytacls80b2q0x6c;y9xk3ytacls80b2q0x6c;0;0;DONE;Altamente adecuado;No;;Poco inadecuado;Si;1;Poco inadecuado;Si;4;Altamente adecuado;No;;Un poco adecuado;Si;3;Medianamente inadecuado;Si;2;Altamente adecuado;No;;Poco inadecuado;No;;Poco inadecuado;No;;Altamente adecuado;No;;Un poco adecuado;Si;1;Sin opinion;Si;4;Medianamente inadecuado;Si;6;Poco inadecuado;No;;Sin opinion;Si;4;Medianamente inadecuado;Si;6;Poco inadecuado;No;;Medianamente adecuado;No;;Un poco adecuado;No;;Altamente adecuado;No;;Poco inadecuado;No;;6;0;;2;1;1;2;1;4;6;0;;4;1;3;1;1;2;6;0;;2;0;;2;0;;6;0;;4;1;1;3;1;4;1;1;6;2;0;;3;1;4;1;1;6;2;0;;5;0;;4;0;;6;0;;2;0;;12;12;10;31;34;35;110
21;"";acepto participar;;1;0;0;1;Muy a menudo;Mucho;Ocasionalmente;Nunca;Ocasionalmente;Muy a menudo;A menudo;Mucho;Nada;Nada;Un poco;Un poco;Rara vez;A menudo;Ocasionalmente;Mucho;Nada;Muy a menudo;Muy a menudo;Rara vez;5;4;3;1;3;5;4;4;1;1;2;2;2;4;3;4;1;5;5;2;0;0;4;3;1.66666666666667;3;3.4;61;5matexbx553s2spza0dk;5matexbx553s2spza0dk;0;0;DONE;Medianamente adecuado;No;;Altamente adecuado;Si;6;Un poco adecuado;No;;Un poco adecuado;No;;Muy inadecuado;No;;Poco inadecuado;Si;3;Un poco adecuado;Si;4;Poco inadecuado;No;;Poco inadecuado;No;;Altamente adecuado;No;;Un poco adecuado;Si;1;Sin opinion;Si;4;Medianamente inadecuado;Si;6;Poco inadecuado;No;;Sin opinion;Si;4;Medianamente inadecuado;Si;6;Poco inadecuado;No;;Medianamente adecuado;No;;Un poco adecuado;No;;Altamente adecuado;No;;Poco inadecuado;No;;5;0;;6;1;6;4;0;;4;0;;0;0;;2;1;3;4;1;4;2;0;;2;0;;6;0;;4;1;1;3;1;4;1;1;6;2;0;;3;1;4;1;1;6;2;0;;5;0;;4;0;;6;0;;2;0;;13;13;18;23;34;35;110
22;"";acepto participar;;1;0;0;1;Muy a menudo;Algo;Nunca;Rara vez;A menudo;Rara vez;Ocasionalmente;Algo;Demasiado;Un poco;Algo;Algo;Muy a menudo;Muy a menudo;Muy a menudo;Demasiado;Un poco;Nunca;A menudo;Ocasionalmente;5;3;1;2;4;2;3;3;5;2;3;3;5;5;5;5;2;1;4;3;0;0;4.33333333333333;4.33333333333333;1.66666666666667;2.83333333333333;3.6;66;s75upvkfe86zpnylm585;s75upvkfe86zpnylm585;0;0;DONE;Medianamente inadecuado;Si;3;Poco inadecuado;No;;Poco inadecuado;No;;Altamente adecuado;No;;Un poco adecuado;Si;3;Medianamente inadecuado;Si;2;Altamente adecuado;No;;Poco inadecuado;Si;5;Un poco adecuado;No;;Medianamente inadecuado;No;;Muy inadecuado;No;;Altamente adecuado;No;;Poco inadecuado;No;;Medianamente inadecuado;No;;Medianamente inadecuado;Si;6;Poco inadecuado;No;;Medianamente inadecuado;No;;Medianamente inadecuado;No;;Altamente adecuado;No;;Poco inadecuado;No;;Altamente adecuado;No;;1;1;3;2;0;;2;0;;6;0;;4;1;3;1;1;2;6;0;;2;1;5;4;0;;1;0;;0;0;;6;0;;2;0;;1;0;;1;1;6;2;0;;1;0;;1;0;;6;0;;2;0;;6;0;;16;16;7;26;22;26;81
23;"";acepto participar;;1;0;0;1;A menudo;Algo;Nunca;Ocasionalmente;Muy a menudo;A menudo;A menudo;Nada;Nada;Un poco;Un poco;Un poco;A menudo;Ocasionalmente;A menudo;Nada;Demasiado;Muy a menudo;Rara vez;Ocasionalmente;4;3;1;3;5;4;4;1;1;2;2;2;4;3;4;1;5;5;2;3;0;0;3;1.66666666666667;2.66666666666667;3.16666666666667;3.6;59;yzmd0u498uzsmzw2g0w0;yzmd0u498uzsmzw2g0w0;0;0;DONE;Poco inadecuado;Si;5;Medianamente adecuado;Si;2;Sin opinion;Si;1;Un poco adecuado;Si;3;Medianamente inadecuado;Si;2;Altamente adecuado;No;;Un poco adecuado;Si;1;Un poco adecuado;Si;4;Medianamente inadecuado;No;;Muy inadecuado;No;;Altamente adecuado;No;;Poco inadecuado;No;;Medianamente inadecuado;No;;Medianamente inadecuado;No;;Medianamente adecuado;Si;6;Medianamente inadecuado;No;;Medianamente inadecuado;No;;Altamente adecuado;No;;Poco inadecuado;No;;Altamente adecuado;No;;Medianamente inadecuado;Si;7;2;1;5;5;1;2;3;1;1;4;1;3;1;1;2;6;0;;4;1;1;4;1;4;1;0;;0;0;;6;0;;2;0;;1;0;;1;0;;5;1;6;1;0;;1;0;;6;0;;2;0;;6;0;;1;1;7;12;12;16;29;20;37;102
24;"";acepto participar;;1;0;0;1;Ocasionalmente;Nada;Rara vez;A menudo;Rara vez;Ocasionalmente;Ocasionalmente;Demasiado;Un poco;Algo;Algo;Demasiado;Muy a menudo;Muy a menudo;Muy a menudo;Un poco;Nada;A menudo;Ocasionalmente;Ocasionalmente;3;1;2;4;2;3;3;5;2;3;3;5;5;5;5;2;1;4;3;3;0;0;4.33333333333333;1.66666666666667;2;3.5;3.8;64;g1mqbmczh6kd8g5y7y04;g1mqbmczh6kd8g5y7y04;0;0;DONE;Poco inadecuado;Si;1;Sin opinion;Si;1;Un poco adecuado;No;;Muy inadecuado;No;;Poco inadecuado;Si;3;Un poco adecuado;Si;4;Medianamente inadecuado;No;;Poco inadecuado;No;;Altamente adecuado;No;;Un poco adecuado;Si;1;Sin opinion;Si;4;Medianamente inadecuado;Si;6;Poco inadecuado;No;;Medianamente adecuado;No;;Altamente adecuado;No;;Medianamente inadecuado;No;;Poco inadecuado;No;;Medianamente adecuado;No;;Un poco adecuado;No;;Altamente adecuado;No;;Poco inadecuado;No;;2;1;1;3;1;1;4;0;;0;0;;2;1;3;4;1;4;1;0;;2;0;;6;0;;4;1;1;3;1;4;1;1;6;2;0;;5;0;;6;0;;1;0;;2;0;;5;0;;4;0;;6;0;;2;0;;14;14;9;20;37;26;92
25;"";acepto participar;;1;0;0;1;Ocasionalmente;Nada;Ocasionalmente;Muy a menudo;A menudo;A menudo;Nunca;Nada;Un poco;Un poco;Un poco;Mucho;Ocasionalmente;A menudo;Nunca;Demasiado;Demasiado;Rara vez;Ocasionalmente;Rara vez;3;1;3;5;4;4;1;1;2;2;2;4;3;4;1;5;5;2;3;2;0;0;1.66666666666667;2.66666666666667;3.33333333333333;3.33333333333333;2.8;57;ag4rlorhxb9jd7a8xdf8;ag4rlorhxb9jd7a8xdf8;0;0;DONE;Altamente adecuado;Si;6;Un poco adecuado;No;;Un poco adecuado;No;;Muy inadecuado;No;;Poco inadecuado;Si;3;Un poco adecuado;Si;4;Medianamente inadecuado;No;;Poco inadecuado;No;;Altamente adecuado;No;;Un poco adecuado;Si;1;Sin opinion;Si;4;Medianamente inadecuado;Si;6;Poco inadecuado;No;;Medianamente adecuado;No;;Altamente adecuado;No;;Medianamente inadecuado;No;;Poco inadecuado;No;;Medianamente adecuado;No;;Un poco adecuado;No;;Altamente adecuado;No;;Poco inadecuado;No;;6;1;6;4;0;;4;0;;0;0;;2;1;3;4;1;4;1;0;;2;0;;6;0;;4;1;1;3;1;4;1;1;6;2;0;;5;0;;6;0;;1;0;;2;0;;5;0;;4;0;;6;0;;2;0;;15;15;17;20;37;26;100
26;"";acepto participar;;1;0;0;1;Nunca;Un poco;A menudo;Rara vez;Ocasionalmente;Ocasionalmente;Muy a menudo;Un poco;Algo;Algo;Demasiado;Demasiado;Muy a menudo;Muy a menudo;Rara vez;Nada;Mucho;Ocasionalmente;Ocasionalmente;A menudo;1;2;4;2;3;3;5;2;3;3;5;5;5;5;2;1;4;3;3;4;0;0;1.66666666666667;2;3.66666666666667;3.5;4.4;65;udmvygv5dgttg2vqemz5;udmvygv5dgttg2vqemz5;0;0;DONE;Poco inadecuado;Si;4;Altamente adecuado;No;;Altamente adecuado;No;;Un poco adecuado;Si;3;Medianamente inadecuado;Si;2;Altamente adecuado;No;;Un poco adecuado;Si;1;Medianamente inadecuado;Si;3;Un poco adecuado;Si;1;Sin opinion;Si;4;Medianamente inadecuado;Si;6;Poco inadecuado;No;;Medianamente adecuado;No;;Un poco adecuado;No;;Medianamente adecuado;No;;Medianamente adecuado;No;;Medianamente adecuado;Si;4;Poco inadecuado;No;;Altamente adecuado;No;;Medianamente inadecuado;Si;7;Medianamente inadecuado;Si;6;2;1;4;6;0;;6;0;;4;1;3;1;1;2;6;0;;4;1;1;1;1;3;4;1;1;3;1;4;1;1;6;2;0;;5;0;;4;0;;5;0;;5;0;;5;1;4;2;0;;6;0;;1;1;7;1;1;6;10;10;13;30;38;45;126
27;"";acepto participar;;1;0;0;1;Nunca;Algo;Muy a menudo;A menudo;A menudo;Nunca;Nunca;Un poco;Un poco;Un poco;Mucho;Algo;A menudo;Nunca;Muy a menudo;Demasiado;Un poco;Ocasionalmente;Rara vez;Ocasionalmente;1;3;5;4;4;1;1;2;2;2;4;3;4;1;5;5;2;3;2;3;0;0;2.66666666666667;3.33333333333333;3;3.33333333333333;2;57;8vkka8hekh9cp9yjo5pv;8vkka8hekh9cp9yjo5pv;0;0;DONE;Un poco adecuado;No;;Un poco adecuado;No;;Altamente adecuado;No;;Un poco adecuado;Si;3;Medianamente inadecuado;Si;2;Altamente adecuado;No;;Un poco adecuado;Si;1;Medianamente inadecuado;Si;3;Un poco adecuado;Si;1;Sin opinion;Si;4;Medianamente inadecuado;Si;6;Poco inadecuado;No;;Medianamente adecuado;No;;Un poco adecuado;No;;Medianamente adecuado;No;;Medianamente adecuado;No;;Medianamente adecuado;Si;4;Poco inadecuado;No;;Altamente adecuado;No;;Medianamente inadecuado;Si;7;Medianamente inadecuado;Si;6;4;0;;4;0;;6;0;;4;1;3;1;1;2;6;0;;4;1;1;1;1;3;4;1;1;3;1;4;1;1;6;2;0;;5;0;;4;0;;5;0;;5;0;;5;1;4;2;0;;6;0;;1;1;7;1;1;6;11;11;8;30;38;45;121
28;"";acepto participar;;1;0;0;1;Rara vez;Mucho;Rara vez;Ocasionalmente;Ocasionalmente;Muy a menudo;Rara vez;Algo;Algo;Demasiado;Demasiado;Demasiado;Muy a menudo;Rara vez;Nunca;Mucho;Algo;Ocasionalmente;A menudo;Muy a menudo;2;4;2;3;3;5;2;3;3;5;5;5;5;2;1;4;3;3;4;5;0;0;2;3.66666666666667;3.33333333333333;3.83333333333333;3.8;69;spwam5wshorr69a57fym;spwam5wshorr69a57fym;0;0;DONE;Poco inadecuado;No;;Altamente adecuado;No;;Medianamente inadecuado;Si;6;Poco inadecuado;Si;3;Un poco adecuado;Si;4;Medianamente inadecuado;No;;Muy inadecuado;No;;Un poco adecuado;No;;Medianamente inadecuado;No;;Muy inadecuado;No;;Altamente adecuado;No;;Poco inadecuado;No;;Medianamente inadecuado;No;;Medianamente inadecuado;No;;Altamente adecuado;No;;Medianamente inadecuado;No;;Poco inadecuado;No;;Medianamente adecuado;No;;Un poco adecuado;No;;Altamente adecuado;No;;Poco inadecuado;No;;2;0;;6;0;;1;1;6;2;1;3;4;1;4;1;0;;0;0;;4;0;;1;0;;0;0;;6;0;;2;0;;1;0;;1;0;;6;0;;1;0;;2;0;;5;0;;4;0;;6;0;;2;0;;18;18;8;24;15;26;73
29;"";acepto participar;;1;0;0;1;Ocasionalmente;Demasiado;A menudo;A menudo;Nunca;Nunca;Rara vez;Un poco;Un poco;Mucho;Algo;Mucho;Nunca;Muy a menudo;Muy a menudo;Un poco;Algo;Rara vez;Ocasionalmente;Ocasionalmente;3;5;4;4;1;1;2;2;2;4;3;4;1;5;5;2;3;2;3;3;0;0;3.33333333333333;3;3.66666666666667;2.83333333333333;2.4;59;3o7um28k3kwfhrg8uqng;3o7um28k3kwfhrg8uqng;0;0;DONE;Medianamente adecuado;Si;2;Muy inadecuado;No;;Muy inadecuado;No;;Poco inadecuado;Si;3;Un poco adecuado;Si;4;Medianamente inadecuado;No;;Muy inadecuado;No;;Altamente adecuado;No;;Un poco adecuado;Si;1;Sin opinion;Si;4;Medianamente inadecuado;Si;6;Poco inadecuado;No;;Medianamente adecuado;No;;Un poco adecuado;No;;Medianamente inadecuado;No;;Poco inadecuado;No;;Medianamente adecuado;No;;Un poco adecuado;No;;Altamente adecuado;No;;Poco inadecuado;No;;Un poco adecuado;No;;5;1;2;0;0;;0;0;;2;1;3;4;1;4;1;0;;0;0;;6;0;;4;1;1;3;1;4;1;1;6;2;0;;5;0;;4;0;;1;0;;2;0;;5;0;;4;0;;6;0;;2;0;;4;0;;15;15;8;16;39;24;87
3;"";acepto participar;;1;0;0;1;A menudo;Mucho;Rara vez;A menudo;Nunca;A menudo;Nunca;Algo;Algo;Demasiado;Mucho;Algo;Nunca;Ocasionalmente;Muy a menudo;Mucho;Mucho;Nunca;Nunca;Rara vez;4;4;2;4;1;4;1;3;3;5;4;3;1;3;5;4;4;1;1;2;0;0;4;3.66666666666667;3.66666666666667;2.33333333333333;2.2;59;n2n0rc9qvd3831y69xox;n2n0rc9qvd3831y69xox;0;0;DONE;Poco inadecuado;No;;Medianamente inadecuado;Si;2;Sin opinion;No;;Altamente adecuado;No;;Un poco adecuado;No;;Medianamente adecuado;No;;Altamente adecuado;Si;6;Medianamente adecuado;No;;Altamente adecuado;Si;6;Un poco adecuado;No;;Muy inadecuado;No;;Poco inadecuado;Si;3;Un poco adecuado;Si;4;Medianamente inadecuado;No;;Poco inadecuado;Si;3;Un poco adecuado;Si;4;Medianamente inadecuado;No;;Muy inadecuado;No;;Altamente adecuado;No;;Poco inadecuado;No;;Medianamente inadecuado;No;;2;0;;1;1;2;3;0;;6;0;;4;0;;5;0;;6;1;6;5;0;;6;1;6;4;0;;0;0;;2;1;3;4;1;4;1;0;;2;1;3;4;1;4;1;0;;0;0;;6;0;;2;0;;1;0;;14;14;6;31;38;25;100
30;"";acepto participar;;1;0;0;1;A menudo;Un poco;Ocasionalmente;Ocasionalmente;Muy a menudo;Rara vez;Ocasionalmente;Algo;Demasiado;Demasiado;Demasiado;Demasiado;Rara vez;Nunca;A menudo;Algo;Algo;A menudo;Muy a menudo;Ocasionalmente;4;2;3;3;5;2;3;3;5;5;5;5;2;1;4;3;3;4;5;3;0;0;3.66666666666667;3.33333333333333;3.66666666666667;4.5;2.2;70;oj2ezhwszwmf9o0xmy21;oj2ezhwszwmf9o0xmy21;0;0;DONE;Sin opinion;Si;1;Un poco adecuado;Si;3;Medianamente adecuado;Si;1;Poco inadecuado;Si;5;Medianamente inadecuado;No;;Sin opinion;Si;2;Altamente adecuado;No;;Medianamente inadecuado;No;;Muy inadecuado;No;;Altamente adecuado;No;;Poco inadecuado;No;;Medianamente inadecuado;No;;Medianamente inadecuado;No;;Altamente adecuado;No;;Medianamente inadecuado;No;;Poco inadecuado;No;;Medianamente adecuado;No;;Un poco adecuado;No;;Altamente adecuado;No;;Poco inadecuado;No;;Un poco adecuado;No;;3;1;1;4;1;3;5;1;1;2;1;5;1;0;;3;1;2;6;0;;1;0;;0;0;;6;0;;2;0;;1;0;;1;0;;6;0;;1;0;;2;0;;5;0;;4;0;;6;0;;2;0;;4;0;;16;16;13;28;17;24;82
31;"";acepto participar;;1;0;0;1;Muy a menudo;Mucho;A menudo;Nunca;Nunca;Rara vez;Rara vez;Un poco;Mucho;Algo;Mucho;Nada;Muy a menudo;Muy a menudo;Rara vez;Algo;Un poco;Ocasionalmente;Ocasionalmente;A menudo;5;4;4;1;1;2;2;2;4;3;4;1;5;5;2;3;2;3;3;4;0;0;3;3.66666666666667;3;2.16666666666667;3.6;60;91cu6bt63a4g9ylafnru;91cu6bt63a4g9ylafnru;0;0;DONE;Un poco adecuado;No;;Muy inadecuado;No;;Un poco adecuado;Si;3;Medianamente inadecuado;Si;2;Altamente adecuado;No;;Un poco adecuado;Si;1;Sin opinion;Si;4;Medianamente inadecuado;No;;Muy inadecuado;No;;Altamente adecuado;No;;Poco inadecuado;No;;Medianamente inadecuado;No;;Medianamente inadecuado;No;;Altamente adecuado;No;;Medianamente inadecuado;No;;Poco inadecuado;No;;Medianamente adecuado;No;;Un poco adecuado;No;;Altamente adecuado;No;;Poco inadecuado;No;;Un poco adecuado;No;;4;0;;0;0;;4;1;3;1;1;2;6;0;;4;1;1;3;1;4;1;0;;0;0;;6;0;;2;0;;1;0;;1;0;;6;0;;1;0;;2;0;;5;0;;4;0;;6;0;;2;0;;4;0;;17;17;4;32;17;24;77
32;"";acepto participar;;1;0;0;1;Rara vez;Algo;Ocasionalmente;Muy a menudo;Rara vez;Ocasionalmente;Ocasionalmente;Demasiado;Demasiado;Demasiado;Demasiado;Un poco;Nunca;A menudo;Ocasionalmente;Algo;Mucho;Muy a menudo;Ocasionalmente;Rara vez;2;3;3;5;2;3;3;5;5;5;5;2;1;4;3;3;4;5;3;2;0;0;3.33333333333333;3.66666666666667;4;3.66666666666667;2.6;68;r1yuvoh5al57nxgt0zjp;r1yuvoh5al57nxgt0zjp;0;0;DONE;Altamente adecuado;No;;Un poco adecuado;Si;3;Altamente adecuado;Si;2;Poco inadecuado;No;;Altamente adecuado;No;;Un poco adecuado;Si;1;Sin opinion;Si;4;Un poco adecuado;Si;1;Sin opinion;Si;4;Medianamente inadecuado;Si;6;Poco inadecuado;No;;Medianamente adecuado;No;;Un poco adecuado;No;;Altamente adecuado;No;;Poco inadecuado;No;;Medianamente adecuado;No;;Un poco adecuado;No;;Altamente adecuado;No;;Poco inadecuado;No;;Un poco adecuado;No;;Medianamente adecuado;No;;6;0;;4;1;3;6;1;2;2;0;;6;0;;4;1;1;3;1;4;4;1;1;3;1;4;1;1;6;2;0;;5;0;;4;0;;6;0;;2;0;;5;0;;4;0;;6;0;;2;0;;4;0;;5;0;;14;14;14;31;39;28;112
33;"";acepto participar;;1;0;0;1;A menudo;Mucho;Nunca;Nunca;Rara vez;Rara vez;Rara vez;Mucho;Algo;Mucho;Nada;Demasiado;Muy a menudo;Rara vez;Ocasionalmente;Un poco;Algo;Ocasionalmente;A menudo;Ocasionalmente;4;4;1;1;2;2;2;4;3;4;1;5;5;2;3;2;3;3;4;3;0;0;3.66666666666667;3;2.66666666666667;2.66666666666667;2.8;58;loc54ns5hh9c5vp0elt7;loc54ns5hh9c5vp0elt7;0;0;DONE;Medianamente inadecuado;Si;6;Poco inadecuado;Si;3;Poco inadecuado;No;;Poco inadecuado;No;;Altamente adecuado;No;;Un poco adecuado;Si;1;Sin opinion;Si;4;Sin opinion;Si;2;Altamente adecuado;No;;Poco inadecuado;No;;Medianamente inadecuado;No;;Medianamente inadecuado;No;;Altamente adecuado;No;;Poco inadecuado;No;;Medianamente adecuado;No;;Medianamente adecuado;Si;4;Poco inadecuado;No;;Altamente adecuado;No;;Medianamente inadecuado;Si;7;Medianamente inadecuado;Si;6;Muy inadecuado;No;;1;1;6;2;1;3;2;0;;2;0;;6;0;;4;1;1;3;1;4;3;1;2;6;0;;2;0;;1;0;;1;0;;6;0;;2;0;;5;0;;5;1;4;2;0;;6;0;;1;1;7;1;1;6;0;0;;13;13;14;24;24;40;102
34;"";acepto participar;;1;0;0;1;Ocasionalmente;Algo;Muy a menudo;Rara vez;Ocasionalmente;Ocasionalmente;Muy a menudo;Demasiado;Demasiado;Demasiado;Un poco;Nada;A menudo;Ocasionalmente;Ocasionalmente;Mucho;Demasiado;Ocasionalmente;Rara vez;Rara vez;3;3;5;2;3;3;5;5;5;5;2;1;4;3;3;4;5;3;2;2;0;0;3.66666666666667;4;5;2.16666666666667;3.4;68;naa3ld6m41lvvwj02v1k;naa3ld6m41lvvwj02v1k;0;0;DONE;Un poco adecuado;Si;7;Poco inadecuado;No;;Poco inadecuado;No;;Poco inadecuado;No;;Altamente adecuado;No;;Un poco adecuado;Si;1;Sin opinion;Si;4;Sin opinion;Si;2;Altamente adecuado;No;;Poco inadecuado;No;;Medianamente inadecuado;No;;Medianamente inadecuado;No;;Altamente adecuado;No;;Poco inadecuado;No;;Medianamente adecuado;No;;Medianamente adecuado;Si;4;Poco inadecuado;No;;Altamente adecuado;No;;Medianamente inadecuado;Si;7;Medianamente inadecuado;Si;6;Muy inadecuado;No;;4;1;7;2;0;;2;0;;2;0;;6;0;;4;1;1;3;1;4;3;1;2;6;0;;2;0;;1;0;;1;0;;6;0;;2;0;;5;0;;5;1;4;2;0;;6;0;;1;1;7;1;1;6;0;0;;14;14;14;24;24;40;102
35;"";acepto participar;;1;0;0;1;A menudo;Nada;Nunca;Rara vez;Rara vez;Rara vez;A menudo;Algo;Mucho;Nada;Demasiado;Demasiado;Rara vez;Ocasionalmente;Rara vez;Algo;Algo;A menudo;Ocasionalmente;Muy a menudo;4;1;1;2;2;2;4;3;4;1;5;5;2;3;2;3;3;4;3;5;0;0;3;2.66666666666667;1.66666666666667;3.5;3.2;59;wo5ctqn3axz7nb6z2keo;wo5ctqn3axz7nb6z2keo;0;0;DONE;Muy inadecuado;No;;Poco inadecuado;Si;3;Poco inadecuado;Si;5;Un poco adecuado;No;;Medianamente inadecuado;No;;Muy inadecuado;No;;Altamente adecuado;No;;Sin opinion;Si;2;Altamente adecuado;No;;Poco inadecuado;No;;Medianamente inadecuado;No;;Medianamente inadecuado;No;;Altamente adecuado;No;;Poco inadecuado;No;;Medianamente adecuado;No;;Medianamente adecuado;Si;4;Poco inadecuado;No;;Altamente adecuado;No;;Medianamente inadecuado;Si;7;Medianamente inadecuado;Si;6;Muy inadecuado;No;;0;0;;2;1;3;2;1;5;4;0;;1;0;;0;0;;6;0;;3;1;2;6;0;;2;0;;1;0;;1;0;;6;0;;2;0;;5;0;;5;1;4;2;0;;6;0;;1;1;7;1;1;6;0;0;;15;15;6;19;24;40;89
36;"";acepto participar;;1;0;0;1;Ocasionalmente;Demasiado;Rara vez;Ocasionalmente;Ocasionalmente;Muy a menudo;Muy a menudo;Demasiado;Demasiado;Un poco;Nada;Mucho;Ocasionalmente;Ocasionalmente;A menudo;Demasiado;Algo;Rara vez;Rara vez;A menudo;3;5;2;3;3;5;5;5;5;2;1;4;3;3;4;5;3;2;2;4;0;0;4;5;2.33333333333333;2.5;4;69;9ouhhs52w7xec2zalr4o;9ouhhs52w7xec2zalr4o;0;0;DONE;Un poco adecuado;Si;3;Medianamente inadecuado;Si;2;Poco inadecuado;Si;5;Medianamente inadecuado;No;;Sin opinion;Si;2;Altamente adecuado;No;;Poco inadecuado;No;;Un poco adecuado;Si;1;Altamente adecuado;No;;Medianamente inadecuado;No;;Poco inadecuado;No;;Medianamente adecuado;No;;Un poco adecuado;No;;Altamente adecuado;No;;Medianamente inadecuado;No;;Medianamente adecuado;Si;4;Altamente adecuado;No;;Poco inadecuado;No;;Un poco adecuado;No;;Medianamente adecuado;No;;Altamente adecuado;Si;6;4;1;3;1;1;2;2;1;5;1;0;;3;1;2;6;0;;2;0;;4;1;1;6;0;;1;0;;2;0;;5;0;;4;0;;6;0;;1;0;;5;1;4;6;0;;2;0;;4;0;;5;0;;6;1;6;14;14;12;23;30;41;106
37;"";acepto participar;;1;0;0;1;Nunca;Nada;Rara vez;Rara vez;Rara vez;A menudo;Ocasionalmente;Mucho;Nada;Demasiado;Demasiado;Un poco;Ocasionalmente;Rara vez;Ocasionalmente;Algo;Mucho;Ocasionalmente;Muy a menudo;Nunca;1;1;2;2;2;4;3;4;1;5;5;2;3;2;3;3;4;3;5;1;0;0;2.66666666666667;1.66666666666667;3.66666666666667;3.16666666666667;2.6;56;jllymrkbmn3oupv6sxkw;jllymrkbmn3oupv6sxkw;0;0;DONE;Medianamente adecuado;Si;1;Poco inadecuado;Si;5;Poco inadecuado;No;;Altamente adecuado;No;;Un poco adecuado;Si;1;Sin opinion;Si;4;Medianamente inadecuado;Si;6;Sin opinion;Si;4;Medianamente inadecuado;Si;6;Poco inadecuado;No;;Medianamente adecuado;No;;Un poco adecuado;No;;Altamente adecuado;No;;Poco inadecuado;No;;Altamente adecuado;No;;Poco inadecuado;No;;Altamente adecuado;No;;Medianamente inadecuado;Si;7;Medianamente inadecuado;Si;6;Muy inadecuado;No;;Poco inadecuado;No;;5;1;1;2;1;5;2;0;;6;0;;4;1;1;3;1;4;1;1;6;3;1;4;1;1;6;2;0;;5;0;;4;0;;6;0;;2;0;;6;0;;2;0;;6;0;;1;1;7;1;1;6;0;0;;2;0;;12;12;15;30;35;33;113
38;"";acepto participar;;1;0;0;1;Muy a menudo;Un poco;Ocasionalmente;Ocasionalmente;Muy a menudo;Muy a menudo;Muy a menudo;Demasiado;Un poco;Nada;Mucho;Algo;Ocasionalmente;A menudo;Muy a menudo;Algo;Un poco;Rara vez;A menudo;Muy a menudo;5;2;3;3;5;5;5;5;2;1;4;3;3;4;5;3;2;2;4;5;0;0;5;2.33333333333333;2;3.5;4.4;71;gmvcnev1lxpk6h4rk84v;gmvcnev1lxpk6h4rk84v;0;0;DONE;Altamente adecuado;Si;2;Poco inadecuado;No;;Poco inadecuado;No;;Altamente adecuado;No;;Un poco adecuado;Si;1;Sin opinion;Si;4;Medianamente inadecuado;Si;6;Sin opinion;Si;4;Medianamente inadecuado;Si;6;Poco inadecuado;No;;Medianamente adecuado;No;;Un poco adecuado;No;;Altamente adecuado;No;;Poco inadecuado;No;;Altamente adecuado;No;;Poco inadecuado;No;;Altamente adecuado;No;;Medianamente inadecuado;Si;7;Medianamente inadecuado;Si;6;Muy inadecuado;No;;Poco inadecuado;No;;6;1;2;2;0;;2;0;;6;0;;4;1;1;3;1;4;1;1;6;3;1;4;1;1;6;2;0;;5;0;;4;0;;6;0;;2;0;;6;0;;2;0;;6;0;;1;1;7;1;1;6;0;0;;2;0;;13;13;11;30;35;33;109
39;"";acepto participar;;1;0;0;1;Nunca;Un poco;Rara vez;Rara vez;A menudo;Ocasionalmente;A menudo;Nada;Demasiado;Demasiado;Un poco;Algo;Rara vez;Ocasionalmente;Ocasionalmente;Mucho;Algo;Muy a menudo;Nunca;Muy a menudo;1;2;2;2;4;3;4;1;5;5;2;3;2;3;3;4;3;5;1;5;0;0;1.66666666666667;3.66666666666667;3.33333333333333;2.83333333333333;3.4;60;0gbn1g49yqhdajdsv3mh;0gbn1g49yqhdajdsv3mh;0;0;DONE;Poco inadecuado;Si;3;Un poco adecuado;Si;4;Medianamente inadecuado;Si;3;Un poco adecuado;Si;1;Sin opinion;Si;4;Medianamente inadecuado;Si;6;Poco inadecuado;No;;Medianamente adecuado;Si;6;Medianamente inadecuado;No;;Medianamente inadecuado;No;;Altamente adecuado;No;;Poco inadecuado;No;;Altamente adecuado;No;;Medianamente inadecuado;Si;7;Un poco adecuado;No;;Altamente adecuado;No;;Poco inadecuado;No;;Un poco adecuado;No;;Medianamente adecuado;No;;Altamente adecuado;Si;6;Medianamente adecuado;Si;6;2;1;3;4;1;4;1;1;3;4;1;1;3;1;4;1;1;6;2;0;;5;1;6;1;0;;1;0;;6;0;;2;0;;6;0;;1;1;7;4;0;;6;0;;2;0;;4;0;;5;0;;6;1;6;5;1;6;11;11;15;29;30;53;127
4;"";acepto participar;;1;0;0;1;Rara vez;Algo;Nunca;Muy a menudo;A menudo;Nunca;Ocasionalmente;Nada;Demasiado;Demasiado;Algo;Nada;Rara vez;A menudo;Rara vez;Algo;Algo;Muy a menudo;Rara vez;Ocasionalmente;2;3;1;5;4;1;3;1;5;5;3;1;2;4;2;3;3;5;2;3;0;0;1.66666666666667;3.66666666666667;3;3.33333333333333;2.6;58;o2vdnplbhrefm44zvpbc;o2vdnplbhrefm44zvpbc;0;0;DONE;Poco inadecuado;Si;5;Poco inadecuado;No;;Poco inadecuado;No;;Medianamente inadecuado;Si;1;Altamente adecuado;No;;Poco inadecuado;Si;1;Sin opinion;Si;1;Poco inadecuado;Si;1;Sin opinion;Si;1;Un poco adecuado;Si;3;Medianamente inadecuado;Si;2;Altamente adecuado;No;;Un poco adecuado;Si;1;Sin opinion;Si;4;Un poco adecuado;Si;4;Medianamente inadecuado;No;;Muy inadecuado;No;;Altamente adecuado;No;;Poco inadecuado;No;;Medianamente inadecuado;No;;Medianamente inadecuado;No;;2;1;5;2;0;;2;0;;1;1;1;6;0;;2;1;1;3;1;1;2;1;1;3;1;1;4;1;3;1;1;2;6;0;;4;1;1;3;1;4;4;1;4;1;0;;0;0;;6;0;;2;0;;1;0;;1;0;;10;10;10;20;37;24;91
40;"";acepto participar;;1;0;0;1;Rara vez;Algo;Ocasionalmente;Muy a menudo;Muy a menudo;Muy a menudo;Muy a menudo;Un poco;Nada;Mucho;Algo;Algo;A menudo;Muy a menudo;Ocasionalmente;Un poco;Un poco;A menudo;Muy a menudo;Muy a menudo;2;3;3;5;5;5;5;2;1;4;3;3;4;5;3;2;2;4;5;5;0;0;2.33333333333333;2;3;4.16666666666667;4.8;71;p2k1ddn88h1hv46a4jjl;p2k1ddn88h1hv46a4jjl;0;0;DONE;Poco inadecuado;No;;Poco inadecuado;No;;Un poco adecuado;Si;4;Medianamente inadecuado;No;;Muy inadecuado;No;;Altamente adecuado;No;;Poco inadecuado;No;;Medianamente inadecuado;Si;6;Poco inadecuado;No;;Medianamente inadecuado;No;;Medianamente inadecuado;No;;Altamente adecuado;No;;Poco inadecuado;No;;Altamente adecuado;No;;Medianamente adecuado;Si;4;Poco inadecuado;No;;Altamente adecuado;No;;Medianamente inadecuado;Si;7;Medianamente inadecuado;Si;6;Muy inadecuado;No;;Poco inadecuado;No;;2;0;;2;0;;4;1;4;1;0;;0;0;;6;0;;2;0;;1;1;6;2;0;;1;0;;1;0;;6;0;;2;0;;6;0;;5;1;4;2;0;;6;0;;1;1;7;1;1;6;0;0;;2;0;;16;16;4;18;26;37;85
41;"";acepto participar;;1;0;0;1;Rara vez;Un poco;Rara vez;A menudo;Ocasionalmente;A menudo;Nunca;Demasiado;Demasiado;Un poco;Algo;Un poco;Ocasionalmente;Ocasionalmente;A menudo;Algo;Demasiado;Nunca;Muy a menudo;A menudo;2;2;2;4;3;4;1;5;5;2;3;2;3;3;4;3;5;1;5;4;0;0;3.66666666666667;3.33333333333333;3;3;3;63;3bmedtacdtqb78lsrpop;3bmedtacdtqb78lsrpop;0;0;DONE;Poco inadecuado;Si;5;Un poco adecuado;No;;Un poco adecuado;No;;Medianamente inadecuado;No;;Muy inadecuado;No;;Altamente adecuado;No;;Poco inadecuado;No;;Sin opinion;Si;4;Medianamente inadecuado;Si;6;Poco inadecuado;No;;Medianamente adecuado;No;;Un poco adecuado;No;;Altamente adecuado;No;;Poco inadecuado;No;;Altamente adecuado;No;;Poco inadecuado;No;;Altamente adecuado;No;;Medianamente inadecuado;Si;7;Medianamente inadecuado;Si;6;Muy inadecuado;No;;Poco inadecuado;No;;2;1;5;4;0;;4;0;;1;0;;0;0;;6;0;;2;0;;3;1;4;1;1;6;2;0;;5;0;;4;0;;6;0;;2;0;;6;0;;2;0;;6;0;;1;1;7;1;1;6;0;0;;2;0;;16;16;12;13;35;33;93
42;"";acepto participar;;1;0;0;1;Ocasionalmente;Algo;Muy a menudo;Muy a menudo;Muy a menudo;Muy a menudo;Rara vez;Nada;Mucho;Algo;Algo;Mucho;Muy a menudo;Ocasionalmente;Rara vez;Un poco;Mucho;Muy a menudo;Muy a menudo;Ocasionalmente;3;3;5;5;5;5;2;1;4;3;3;4;5;3;2;2;4;5;5;3;0;0;2;3;4;4.5;3.6;72;rup7zshhwu1tcxp5e589;rup7zshhwu1tcxp5e589;0;0;DONE;Medianamente inadecuado;Si;2;Altamente adecuado;No;;Altamente adecuado;No;;Un poco adecuado;Si;1;Sin opinion;Si;4;Medianamente inadecuado;Si;6;Poco inadecuado;No;;Altamente adecuado;No;;Medianamente inadecuado;No;;Poco inadecuado;No;;Medianamente adecuado;No;;Un poco adecuado;No;;Altamente adecuado;No;;Poco inadecuado;No;;Poco inadecuado;Si;1;Altamente adecuado;No;;Medianamente inadecuado;Si;7;Medianamente inadecuado;Si;6;Muy inadecuado;No;;Poco inadecuado;No;;Un poco adecuado;No;;1;1;2;6;0;;6;0;;4;1;1;3;1;4;1;1;6;2;0;;6;0;;1;0;;2;0;;5;0;;4;0;;6;0;;2;0;;2;1;1;6;0;;1;1;7;1;1;6;0;0;;2;0;;4;0;;14;14;10;30;26;33;99
43;"";acepto participar;;1;0;0;1;Rara vez;Un poco;A menudo;Ocasionalmente;A menudo;Nunca;Muy a menudo;Demasiado;Un poco;Algo;Un poco;Algo;Ocasionalmente;A menudo;Ocasionalmente;Demasiado;Nada;Muy a menudo;A menudo;Nunca;2;2;4;3;4;1;5;5;2;3;2;3;3;4;3;5;1;5;4;1;0;0;3.33333333333333;3;2.66666666666667;3.5;2.8;62;5qs2shn5lbl6nacwdy87;5qs2shn5lbl6nacwdy87;0;0;DONE;Poco inadecuado;Si;5;Medianamente inadecuado;No;;Medianamente inadecuado;No;;Sin opinion;Si;2;Altamente adecuado;No;;Poco inadecuado;No;;Medianamente inadecuado;No;;Medianamente adecuado;Si;6;Medianamente inadecuado;No;;Medianamente inadecuado;No;;Altamente adecuado;No;;Poco inadecuado;No;;Altamente adecuado;No;;Medianamente inadecuado;Si;7;Un poco adecuado;No;;Altamente adecuado;No;;Poco inadecuado;No;;Un poco adecuado;No;;Medianamente adecuado;No;;Altamente adecuado;Si;6;Medianamente adecuado;Si;6;2;1;5;1;0;;1;0;;3;1;2;6;0;;2;0;;1;0;;5;1;6;1;0;;1;0;;6;0;;2;0;;6;0;;1;1;7;4;0;;6;0;;2;0;;4;0;;5;0;;6;1;6;5;1;6;15;15;9;16;30;53;108
44;"";acepto participar;;1;0;0;1;Ocasionalmente;Demasiado;Muy a menudo;Muy a menudo;Muy a menudo;Rara vez;Nunca;Mucho;Algo;Algo;Mucho;Demasiado;Ocasionalmente;Rara vez;Rara vez;Mucho;Demasiado;Muy a menudo;Ocasionalmente;A menudo;3;5;5;5;5;2;1;4;3;3;4;5;3;2;2;4;5;5;3;4;0;0;3;4;4.33333333333333;4.5;2.4;73;umzyodzecpppq5cmadlv;umzyodzecpppq5cmadlv;0;0;DONE;Poco inadecuado;No;;Altamente adecuado;No;;Medianamente inadecuado;No;;Sin opinion;Si;2;Altamente adecuado;No;;Poco inadecuado;No;;Medianamente inadecuado;No;;Medianamente adecuado;Si;6;Medianamente inadecuado;No;;Medianamente inadecuado;No;;Altamente adecuado;No;;Poco inadecuado;No;;Altamente adecuado;No;;Medianamente inadecuado;Si;7;Un poco adecuado;No;;Altamente adecuado;No;;Poco inadecuado;No;;Un poco adecuado;No;;Medianamente adecuado;No;;Altamente adecuado;Si;6;Medianamente adecuado;Si;6;2;0;;6;0;;1;0;;3;1;2;6;0;;2;0;;1;0;;5;1;6;1;0;;1;0;;6;0;;2;0;;6;0;;1;1;7;4;0;;6;0;;2;0;;4;0;;5;0;;6;1;6;5;1;6;16;16;8;16;30;53;107
45;"";acepto participar;;1;0;0;1;Rara vez;Mucho;Ocasionalmente;A menudo;Nunca;Muy a menudo;Muy a menudo;Un poco;Algo;Un poco;Algo;Algo;A menudo;Ocasionalmente;Muy a menudo;Nada;Demasiado;A menudo;Nunca;Nunca;2;4;3;4;1;5;5;2;3;2;3;3;4;3;5;1;5;4;1;1;0;0;3;2.66666666666667;3.33333333333333;2.66666666666667;3.6;61;oabcatsp7y63gopq6xc4;oabcatsp7y63gopq6xc4;0;0;DONE;Un poco adecuado;Si;4;Medianamente inadecuado;No;;Medianamente inadecuado;No;;Muy inadecuado;No;;Altamente adecuado;No;;Poco inadecuado;No;;Medianamente inadecuado;No;;Altamente adecuado;No;;Medianamente inadecuado;No;;Poco inadecuado;No;;Medianamente adecuado;No;;Un poco adecuado;No;;Altamente adecuado;No;;Poco inadecuado;No;;Poco inadecuado;Si;1;Altamente adecuado;No;;Medianamente inadecuado;Si;7;Medianamente inadecuado;Si;6;Muy inadecuado;No;;Poco inadecuado;No;;Un poco adecuado;No;;4;1;4;1;0;;1;0;;0;0;;6;0;;2;0;;1;0;;6;0;;1;0;;2;0;;5;0;;4;0;;6;0;;2;0;;2;1;1;6;0;;1;1;7;1;1;6;0;0;;2;0;;4;0;;17;17;10;10;26;33;79
46;"";acepto participar;;1;0;0;1;Muy a menudo;Demasiado;Muy a menudo;Muy a menudo;Rara vez;Nunca;A menudo;Algo;Algo;Mucho;Demasiado;Algo;Rara vez;Rara vez;A menudo;Demasiado;Demasiado;Ocasionalmente;A menudo;Ocasionalmente;5;5;5;5;2;1;4;3;3;4;5;3;2;2;4;5;5;3;4;3;0;0;4;4.33333333333333;4.66666666666667;3.66666666666667;2.4;73;7azht26lsssswtnxfed4;7azht26lsssswtnxfed4;0;0;DONE;Medianamente inadecuado;Si;3;Un poco adecuado;Si;1;Sin opinion;Si;2;Altamente adecuado;No;;Poco inadecuado;No;;Medianamente inadecuado;No;;Medianamente inadecuado;No;;Medianamente adecuado;No;;Medianamente adecuado;No;;Medianamente adecuado;Si;4;Poco inadecuado;No;;Altamente adecuado;No;;Medianamente inadecuado;Si;7;Medianamente inadecuado;Si;6;Altamente adecuado;No;;Medianamente inadecuado;Si;7;Medianamente inadecuado;Si;6;Muy inadecuado;No;;Poco inadecuado;No;;Un poco adecuado;No;;Medianamente adecuado;No;;1;1;3;4;1;1;3;1;2;6;0;;2;0;;1;0;;1;0;;5;0;;5;0;;5;1;4;2;0;;6;0;;1;1;7;1;1;6;6;0;;1;1;7;1;1;6;0;0;;2;0;;4;0;;5;0;;13;13;11;16;39;40;106
47;"";acepto participar;;1;0;0;1;A menudo;Algo;A menudo;Nunca;Muy a menudo;Muy a menudo;Rara vez;Algo;Un poco;Algo;Algo;Mucho;Ocasionalmente;Muy a menudo;Nunca;Demasiado;Mucho;Nunca;Nunca;Rara vez;4;3;4;1;5;5;2;3;2;3;3;4;3;5;1;5;4;1;1;2;0;0;2.66666666666667;3.33333333333333;3.66666666666667;2.5;3.4;61;ayz28wvk28lkuhtq47lq;ayz28wvk28lkuhtq47lq;0;0;DONE;Un poco adecuado;No;;Medianamente inadecuado;No;;Un poco adecuado;Si;1;Sin opinion;Si;4;Medianamente inadecuado;Si;6;Poco inadecuado;No;;Medianamente adecuado;No;;Medianamente inadecuado;No;;Poco inadecuado;No;;Medianamente adecuado;No;;Un poco adecuado;No;;Altamente adecuado;No;;Poco inadecuado;No;;Un poco adecuado;No;;Medianamente inadecuado;Si;2;Medianamente inadecuado;Si;7;Medianamente inadecuado;Si;6;Muy inadecuado;No;;Poco inadecuado;No;;Un poco adecuado;No;;Medianamente adecuado;No;;4;0;;1;0;;4;1;1;3;1;4;1;1;6;2;0;;5;0;;1;0;;2;0;;5;0;;4;0;;6;0;;2;0;;4;0;;1;1;2;1;1;7;1;1;6;0;0;;2;0;;4;0;;5;0;;15;15;5;29;24;32;90
48;"";acepto participar;;1;0;0;1;Muy a menudo;Demasiado;Muy a menudo;Rara vez;Nunca;A menudo;Ocasionalmente;Algo;Mucho;Demasiado;Algo;Un poco;Rara vez;A menudo;Muy a menudo;Demasiado;Algo;A menudo;Ocasionalmente;A menudo;5;5;5;2;1;4;3;3;4;5;3;2;2;4;5;5;3;4;3;4;0;0;4.33333333333333;4.66666666666667;4.33333333333333;2.5;3.4;72;gm7hp7koq5r92y89jfzo;gm7hp7koq5r92y89jfzo;0;0;DONE;Altamente adecuado;No;;Un poco adecuado;Si;1;Poco inadecuado;Si;1;Muy inadecuado;No;;Medianamente inadecuado;Si;6;Poco inadecuado;No;;Medianamente adecuado;No;;Medianamente inadecuado;No;;Medianamente inadecuado;No;;Altamente adecuado;No;;Poco inadecuado;No;;Altamente adecuado;No;;Medianamente inadecuado;Si;7;Medianamente inadecuado;Si;6;Medianamente inadecuado;Si;2;Un poco adecuado;No;;Medianamente adecuado;No;;Altamente adecuado;Si;6;Medianamente adecuado;Si;6;Un poco adecuado;No;;Medianamente adecuado;No;;6;0;;4;1;1;2;1;1;0;0;;1;1;6;2;0;;5;0;;1;0;;1;0;;6;0;;2;0;;6;0;;1;1;7;1;1;6;1;1;2;4;0;;5;0;;6;1;6;5;1;6;4;0;;5;0;;13;13;12;19;27;53;111
49;"";acepto participar;;1;0;0;1;Ocasionalmente;Mucho;Nunca;Muy a menudo;Muy a menudo;Rara vez;Ocasionalmente;Un poco;Algo;Algo;Mucho;Algo;Muy a menudo;Nunca;Muy a menudo;Mucho;Nada;Nunca;Rara vez;Rara vez;3;4;1;5;5;2;3;2;3;3;4;3;5;1;5;4;1;1;2;2;0;0;3.33333333333333;3.66666666666667;1.66666666666667;3.33333333333333;2.6;59;nk6rh54mlqhb96tk0fzs;nk6rh54mlqhb96tk0fzs;0;0;DONE;Medianamente inadecuado;No;;Sin opinion;Si;2;Muy inadecuado;No;;Altamente adecuado;No;;Poco inadecuado;No;;Medianamente inadecuado;No;;Medianamente inadecuado;No;;Medianamente inadecuado;No;;Poco inadecuado;No;;Medianamente adecuado;No;;Un poco adecuado;No;;Altamente adecuado;No;;Poco inadecuado;No;;Un poco adecuado;No;;Medianamente inadecuado;Si;2;Medianamente inadecuado;Si;7;Medianamente inadecuado;Si;6;Muy inadecuado;No;;Poco inadecuado;No;;Un poco adecuado;No;;Medianamente adecuado;No;;1;0;;3;1;2;0;0;;6;0;;2;0;;1;0;;1;0;;1;0;;2;0;;5;0;;4;0;;6;0;;2;0;;4;0;;1;1;2;1;1;7;1;1;6;0;0;;2;0;;4;0;;5;0;;17;17;7;10;24;32;73
5;"";acepto participar;;1;0;0;1;A menudo;Un poco;A menudo;Nunca;A menudo;Nunca;Ocasionalmente;Algo;Demasiado;Mucho;Algo;Nada;Ocasionalmente;Muy a menudo;A menudo;Mucho;Nada;Nunca;Rara vez;Rara vez;4;2;4;1;4;1;3;3;5;4;3;1;3;5;4;4;1;1;2;2;0;0;3.66666666666667;3.66666666666667;3;2;2.8;57;hj00umtugeo0kal8ogjp;hj00umtugeo0kal8ogjp;0;0;DONE;Medianamente adecuado;No;;Sin opinion;No;;Poco inadecuado;No;;Medianamente inadecuado;Si;1;Altamente adecuado;No;;Poco inadecuado;Si;1;Sin opinion;Si;1;Poco inadecuado;Si;1;Sin opinion;Si;1;Un poco adecuado;Si;3;Medianamente inadecuado;Si;2;Altamente adecuado;No;;Un poco adecuado;Si;1;Sin opinion;Si;4;Un poco adecuado;Si;4;Medianamente inadecuado;No;;Muy inadecuado;No;;Altamente adecuado;No;;Poco inadecuado;No;;Medianamente inadecuado;No;;Medianamente inadecuado;No;;5;0;;3;0;;2;0;;1;1;1;6;0;;2;1;1;3;1;1;2;1;1;3;1;1;4;1;3;1;1;2;6;0;;4;1;1;3;1;4;4;1;4;1;0;;0;0;;6;0;;2;0;;1;0;;1;0;;11;11;8;20;37;24;89
50;"";acepto participar;;1;0;0;1;Muy a menudo;Demasiado;Rara vez;Nunca;A menudo;Ocasionalmente;Ocasionalmente;Mucho;Demasiado;Algo;Un poco;Un poco;A menudo;Muy a menudo;Muy a menudo;Algo;Mucho;Ocasionalmente;A menudo;Muy a menudo;5;5;2;1;4;3;3;4;5;3;2;2;4;5;5;3;4;3;4;5;0;0;4.66666666666667;4.33333333333333;3;2.66666666666667;4;72;xwny9f7d7d0cgjwbkls8;xwny9f7d7d0cgjwbkls8;0;0;DONE;Poco inadecuado;Si;3;Un poco adecuado;Si;1;Medianamente inadecuado;Si;6;Poco inadecuado;No;;Medianamente inadecuado;No;;Medianamente inadecuado;No;;Altamente adecuado;No;;Medianamente adecuado;No;;Medianamente adecuado;Si;4;Poco inadecuado;No;;Altamente adecuado;No;;Medianamente inadecuado;Si;7;Medianamente inadecuado;Si;6;Muy inadecuado;No;;Medianamente inadecuado;Si;7;Medianamente inadecuado;Si;6;Muy inadecuado;No;;Poco inadecuado;No;;Un poco adecuado;No;;Medianamente adecuado;No;;Un poco adecuado;Si;1;2;1;3;4;1;1;1;1;6;2;0;;1;0;;1;0;;6;0;;5;0;;5;1;4;2;0;;6;0;;1;1;7;1;1;6;0;0;;1;1;7;1;1;6;0;0;;2;0;;4;0;;5;0;;4;1;1;12;12;12;18;40;34;104
51;"";acepto participar;;1;0;0;1;A menudo;Nada;Muy a menudo;Muy a menudo;Rara vez;Ocasionalmente;Rara vez;Algo;Algo;Mucho;Algo;Demasiado;Nunca;Muy a menudo;A menudo;Nada;Nada;Rara vez;Rara vez;Rara vez;4;1;5;5;2;3;2;3;3;4;3;5;1;5;4;1;1;2;2;2;0;0;3.66666666666667;1.66666666666667;3.33333333333333;3.16666666666667;2.6;58;26weuh3b9kcjuav335sc;26weuh3b9kcjuav335sc;0;0;DONE;Medianamente inadecuado;No;;Muy inadecuado;No;;Un poco adecuado;Si;1;Altamente adecuado;No;;Medianamente inadecuado;No;;Poco inadecuado;No;;Medianamente adecuado;No;;Medianamente adecuado;Si;2;Medianamente adecuado;No;;Un poco adecuado;No;;Altamente adecuado;No;;Poco inadecuado;No;;Un poco adecuado;No;;Medianamente adecuado;No;;Medianamente inadecuado;Si;2;Un poco adecuado;No;;Medianamente adecuado;No;;Altamente adecuado;Si;6;Medianamente adecuado;Si;6;Un poco adecuado;No;;Medianamente adecuado;No;;1;0;;0;0;;4;1;1;6;0;;1;0;;2;0;;5;0;;5;1;2;5;0;;4;0;;6;0;;2;0;;4;0;;5;0;;1;1;2;4;0;;5;0;;6;1;6;5;1;6;4;0;;5;0;;16;16;1;20;34;47;102
52;"";acepto participar;;1;0;0;1;Muy a menudo;Un poco;Nunca;A menudo;Ocasionalmente;Ocasionalmente;A menudo;Demasiado;Algo;Un poco;Un poco;Mucho;Muy a menudo;Muy a menudo;Ocasionalmente;Mucho;Algo;A menudo;Muy a menudo;Ocasionalmente;5;2;1;4;3;3;4;5;3;2;2;4;5;5;3;4;3;4;5;3;0;0;4.33333333333333;3;2;3.66666666666667;4;70;rycoe1t8vrjlhnegcqha;rycoe1t8vrjlhnegcqha;0;0;DONE;Un poco adecuado;Si;1;Sin opinion;Si;4;Altamente adecuado;No;;Poco inadecuado;No;;Medianamente inadecuado;No;;Medianamente inadecuado;No;;Altamente adecuado;No;;Poco inadecuado;No;;Medianamente adecuado;No;;Un poco adecuado;No;;Altamente adecuado;No;;Poco inadecuado;No;;Un poco adecuado;No;;Medianamente adecuado;No;;Medianamente inadecuado;No;;Un poco adecuado;Si;2;Muy inadecuado;No;;Muy inadecuado;No;;Poco inadecuado;No;;Un poco adecuado;No;;Medianamente adecuado;No;;4;1;1;3;1;4;6;0;;2;0;;1;0;;1;0;;6;0;;2;0;;5;0;;4;0;;6;0;;2;0;;4;0;;5;0;;1;0;;4;1;2;0;0;;0;0;;2;0;;4;0;;5;0;;18;18;14;16;28;19;77
53;"";acepto participar;;1;0;0;1;Nunca;Demasiado;Muy a menudo;Rara vez;Ocasionalmente;Rara vez;Ocasionalmente;Algo;Mucho;Algo;Demasiado;Nada;Muy a menudo;A menudo;Nunca;Nada;Un poco;Rara vez;Rara vez;A menudo;1;5;5;2;3;2;3;3;4;3;5;1;5;4;1;1;2;2;2;4;0;0;1.66666666666667;3.33333333333333;3.33333333333333;2.5;3.6;58;rfw89dz5zxt91yqvyo9r;rfw89dz5zxt91yqvyo9r;0;0;DONE;Sin opinion;Si;2;Altamente adecuado;No;;Altamente adecuado;No;;Poco inadecuado;No;;Medianamente inadecuado;No;;Medianamente inadecuado;No;;Altamente adecuado;No;;Poco inadecuado;No;;Medianamente adecuado;No;;Un poco adecuado;No;;Altamente adecuado;No;;Poco inadecuado;No;;Un poco adecuado;No;;Medianamente adecuado;No;;Medianamente inadecuado;No;;Un poco adecuado;Si;2;Muy inadecuado;No;;Muy inadecuado;No;;Poco inadecuado;No;;Un poco adecuado;No;;Medianamente adecuado;No;;3;1;2;6;0;;6;0;;2;0;;1;0;;1;0;;6;0;;2;0;;5;0;;4;0;;6;0;;2;0;;4;0;;5;0;;1;0;;4;1;2;0;0;;0;0;;2;0;;4;0;;5;0;;19;19;12;16;28;19;75
54;"";acepto participar;;1;0;0;1;Rara vez;Nada;A menudo;Ocasionalmente;Ocasionalmente;A menudo;Muy a menudo;Algo;Un poco;Un poco;Mucho;Demasiado;Muy a menudo;Ocasionalmente;A menudo;Algo;Mucho;Muy a menudo;Ocasionalmente;A menudo;2;1;4;3;3;4;5;3;2;2;4;5;5;3;4;3;4;5;3;4;0;0;3;2;3.33333333333333;3.83333333333333;4.2;69;lvqjnj4x6byzvuf2dqmf;lvqjnj4x6byzvuf2dqmf;0;0;DONE;Poco inadecuado;Si;1;Muy inadecuado;No;;Muy inadecuado;No;;Medianamente inadecuado;Si;6;Poco inadecuado;No;;Medianamente adecuado;No;;Un poco adecuado;No;;Medianamente inadecuado;No;;Medianamente adecuado;Si;4;Altamente adecuado;No;;Poco inadecuado;No;;Un poco adecuado;No;;Medianamente adecuado;No;;Altamente adecuado;Si;6;Un poco adecuado;Si;2;Muy inadecuado;No;;Muy inadecuado;No;;Poco inadecuado;No;;Un poco adecuado;No;;Medianamente adecuado;No;;Un poco adecuado;Si;1;2;1;1;0;0;;0;0;;1;1;6;2;0;;5;0;;4;0;;1;0;;5;1;4;6;0;;2;0;;4;0;;5;0;;6;1;6;4;1;2;0;0;;0;0;;2;0;;4;0;;5;0;;4;1;1;15;15;4;19;35;30;88
55;"";acepto participar;;1;0;0;1;Muy a menudo;Demasiado;Rara vez;Ocasionalmente;Rara vez;Ocasionalmente;Ocasionalmente;Mucho;Algo;Demasiado;Nada;Demasiado;A menudo;Nunca;Nunca;Un poco;Un poco;Rara vez;A menudo;Rara vez;5;5;2;3;2;3;3;4;3;5;1;5;4;1;1;2;2;2;4;2;0;0;3.33333333333333;3.33333333333333;3;2.83333333333333;2.6;59;7wffu2nhxcmg9g93y790;7wffu2nhxcmg9g93y790;0;0;DONE;Muy inadecuado;No;;Altamente adecuado;No;;Muy inadecuado;No;;Medianamente inadecuado;Si;6;Poco inadecuado;No;;Medianamente adecuado;No;;Un poco adecuado;No;;Medianamente inadecuado;No;;Medianamente adecuado;Si;4;Altamente adecuado;No;;Poco inadecuado;No;;Un poco adecuado;No;;Medianamente adecuado;No;;Altamente adecuado;Si;6;Un poco adecuado;Si;2;Muy inadecuado;No;;Muy inadecuado;No;;Poco inadecuado;No;;Un poco adecuado;No;;Medianamente adecuado;No;;Un poco adecuado;Si;1;0;0;;6;0;;0;0;;1;1;6;2;0;;5;0;;4;0;;1;0;;5;1;4;6;0;;2;0;;4;0;;5;0;;6;1;6;4;1;2;0;0;;0;0;;2;0;;4;0;;5;0;;4;1;1;16;16;6;19;35;30;90
56;"";acepto participar;;1;0;0;1;Nunca;Mucho;Ocasionalmente;Ocasionalmente;A menudo;Muy a menudo;Ocasionalmente;Un poco;Un poco;Mucho;Demasiado;Demasiado;Ocasionalmente;A menudo;Ocasionalmente;Mucho;Demasiado;Ocasionalmente;A menudo;Nunca;1;4;3;3;4;5;3;2;2;4;5;5;3;4;3;4;5;3;4;1;0;0;2;3.33333333333333;4;4;3.2;68;bugbwd2h8us0sqxox728;bugbwd2h8us0sqxox728;0;0;DONE;Un poco adecuado;Si;1;Altamente adecuado;No;;Altamente adecuado;No;;Medianamente inadecuado;No;;Poco inadecuado;No;;Medianamente adecuado;No;;Un poco adecuado;No;;Medianamente adecuado;Si;4;Poco inadecuado;No;;Altamente adecuado;No;;Medianamente inadecuado;Si;7;Medianamente inadecuado;Si;6;Muy inadecuado;No;;Poco inadecuado;No;;Altamente adecuado;No;;Muy inadecuado;No;;Muy inadecuado;No;;Poco inadecuado;No;;Un poco adecuado;No;;Medianamente adecuado;No;;Un poco adecuado;Si;1;4;1;1;6;0;;6;0;;1;0;;2;0;;5;0;;4;0;;5;1;4;2;0;;6;0;;1;1;7;1;1;6;0;0;;2;0;;6;0;;0;0;;0;0;;2;0;;4;0;;5;0;;4;1;1;16;16;12;18;37;23;90
57;"";acepto participar;;1;0;0;1;Muy a menudo;Un poco;Ocasionalmente;Rara vez;Ocasionalmente;Ocasionalmente;A menudo;Algo;Demasiado;Nada;Demasiado;Mucho;Nunca;Nunca;Rara vez;Un poco;Un poco;A menudo;Rara vez;A menudo;5;2;3;2;3;3;4;3;5;1;5;4;1;1;2;2;2;4;2;4;0;0;3.33333333333333;3;2;3.33333333333333;2.6;58;ary5rcy4556anu1f8krd;ary5rcy4556anu1f8krd;0;0;DONE;Medianamente inadecuado;Si;6;Poco inadecuado;No;;Poco inadecuado;No;;Medianamente inadecuado;No;;Medianamente inadecuado;No;;Altamente adecuado;No;;Poco inadecuado;No;;Medianamente adecuado;No;;Un poco adecuado;No;;Altamente adecuado;No;;Poco inadecuado;No;;Un poco adecuado;No;;Medianamente adecuado;No;;Altamente adecuado;Si;6;Un poco adecuado;No;;Medianamente adecuado;No;;Altamente adecuado;Si;6;Medianamente adecuado;Si;6;Un poco adecuado;No;;Medianamente adecuado;No;;Poco inadecuado;Si;4;1;1;6;2;0;;2;0;;1;0;;1;0;;6;0;;2;0;;5;0;;4;0;;6;0;;2;0;;4;0;;5;0;;6;1;6;4;0;;5;0;;6;1;6;5;1;6;4;0;;5;0;;2;1;4;16;16;10;12;33;56;111
58;"";acepto participar;;1;0;0;1;A menudo;Algo;Ocasionalmente;A menudo;Muy a menudo;Ocasionalmente;Rara vez;Un poco;Mucho;Demasiado;Demasiado;Algo;A menudo;Ocasionalmente;A menudo;Demasiado;Algo;A menudo;Nunca;A menudo;4;3;3;4;5;3;2;2;4;5;5;3;4;3;4;5;3;4;1;4;0;0;3.33333333333333;4;3.66666666666667;3.66666666666667;3.2;71;g7gouotzz344cy9bu7kt;g7gouotzz344cy9bu7kt;0;0;DONE;Sin opinion;Si;4;Medianamente inadecuado;Si;6;Medianamente adecuado;No;;Medianamente adecuado;No;;Medianamente adecuado;Si;4;Poco inadecuado;No;;Altamente adecuado;No;;Poco inadecuado;Si;1;Altamente adecuado;No;;Medianamente inadecuado;Si;7;Medianamente inadecuado;Si;6;Muy inadecuado;No;;Poco inadecuado;No;;Un poco adecuado;No;;Muy inadecuado;No;;Muy inadecuado;No;;Poco inadecuado;No;;Un poco adecuado;No;;Medianamente adecuado;No;;Un poco adecuado;Si;1;Poco inadecuado;No;;3;1;4;1;1;6;5;0;;5;0;;5;1;4;2;0;;6;0;;2;1;1;6;0;;1;1;7;1;1;6;0;0;;2;0;;4;0;;0;0;;0;0;;2;0;;4;0;;5;0;;4;1;1;2;0;;14;14;16;28;33;19;96
59;"";acepto participar;;1;0;0;1;Rara vez;Algo;Rara vez;Ocasionalmente;Ocasionalmente;A menudo;Ocasionalmente;Demasiado;Nada;Demasiado;Mucho;Nada;Nunca;Rara vez;Rara vez;Un poco;Mucho;Rara vez;A menudo;Ocasionalmente;2;3;2;3;3;4;3;5;1;5;4;1;1;2;2;2;4;2;4;3;0;0;3;2;3.66666666666667;2.83333333333333;2.6;56;8tfm36bqo2frtsz5jfum;8tfm36bqo2frtsz5jfum;0;0;DONE;Altamente adecuado;No;;Poco inadecuado;No;;Medianamente inadecuado;Si;6;Poco inadecuado;No;;Medianamente adecuado;No;;Un poco adecuado;No;;Altamente adecuado;No;;Medianamente adecuado;Si;4;Altamente adecuado;No;;Poco inadecuado;No;;Un poco adecuado;No;;Medianamente adecuado;No;;Altamente adecuado;Si;6;Medianamente adecuado;Si;6;Medianamente adecuado;No;;Altamente adecuado;Si;6;Medianamente adecuado;Si;6;Un poco adecuado;No;;Medianamente adecuado;No;;Poco inadecuado;Si;4;Muy inadecuado;No;;6;0;;2;0;;1;1;6;2;0;;5;0;;4;0;;6;0;;5;1;4;6;0;;2;0;;4;0;;5;0;;6;1;6;5;1;6;5;0;;6;1;6;5;1;6;4;0;;5;0;;2;1;4;0;0;;14;14;8;25;46;52;131
6;"";acepto participar;;1;0;0;1;Ocasionalmente;Nada;Muy a menudo;A menudo;Nunca;Ocasionalmente;Nunca;Demasiado;Demasiado;Algo;Nada;Un poco;A menudo;Rara vez;Ocasionalmente;Algo;Demasiado;Rara vez;Ocasionalmente;Ocasionalmente;3;1;5;4;1;3;1;5;5;3;1;2;4;2;3;3;5;2;3;3;0;0;3.66666666666667;3;4.33333333333333;2.16666666666667;2.6;59;u23vwlftbeue9l0gq99b;u23vwlftbeue9l0gq99b;0;0;DONE;Muy inadecuado;Si;3;Poco inadecuado;No;;Poco inadecuado;No;;Muy inadecuado;Si;7;Medianamente inadecuado;Si;3;Poco inadecuado;No;;Altamente adecuado;No;;Altamente adecuado;Si;6;Un poco adecuado;No;;Muy inadecuado;No;;Poco inadecuado;Si;3;Un poco adecuado;Si;4;Medianamente inadecuado;No;;Muy inadecuado;No;;Poco inadecuado;Si;5;Medianamente inadecuado;No;;Sin opinion;Si;2;Altamente adecuado;No;;Poco inadecuado;No;;Medianamente inadecuado;No;;Medianamente inadecuado;No;;0;1;3;2;0;;2;0;;0;1;7;1;1;3;2;0;;6;0;;6;1;6;4;0;;0;0;;2;1;3;4;1;4;1;0;;0;0;;2;1;5;1;0;;3;1;2;6;0;;2;0;;1;0;;1;0;;13;13;6;23;33;25;87
60;"";acepto participar;;1;0;0;1;Ocasionalmente;Algo;A menudo;Muy a menudo;Ocasionalmente;Rara vez;Rara vez;Mucho;Demasiado;Demasiado;Algo;Mucho;Ocasionalmente;A menudo;Muy a menudo;Algo;Mucho;Nunca;A menudo;Ocasionalmente;3;3;4;5;3;2;2;4;5;5;3;4;3;4;5;3;4;1;4;3;0;0;4;3.66666666666667;4.33333333333333;3.33333333333333;2.8;70;ba0pd5bjm0wrwqzjuycp;ba0pd5bjm0wrwqzjuycp;0;0;DONE;Muy inadecuado;No;;Medianamente inadecuado;Si;6;Medianamente inadecuado;No;;Poco inadecuado;No;;Medianamente adecuado;No;;Un poco adecuado;No;;Altamente adecuado;No;;Poco inadecuado;Si;1;Altamente adecuado;No;;Medianamente inadecuado;Si;7;Medianamente inadecuado;Si;6;Muy inadecuado;No;;Poco inadecuado;No;;Un poco adecuado;No;;Muy inadecuado;No;;Muy inadecuado;No;;Poco inadecuado;No;;Un poco adecuado;No;;Medianamente adecuado;No;;Un poco adecuado;Si;1;Poco inadecuado;No;;0;0;;1;1;6;1;0;;2;0;;5;0;;4;0;;6;0;;2;1;1;6;0;;1;1;7;1;1;6;0;0;;2;0;;4;0;;0;0;;0;0;;2;0;;4;0;;5;0;;4;1;1;2;0;;16;16;8;18;33;19;78
7;"";acepto participar;;1;0;0;1;Rara vez;Mucho;Nunca;A menudo;Nunca;Ocasionalmente;Ocasionalmente;Demasiado;Mucho;Algo;Nada;Algo;Muy a menudo;A menudo;A menudo;Nada;Nada;Rara vez;Rara vez;Rara vez;2;4;1;4;1;3;3;5;4;3;1;3;5;4;4;1;1;2;2;2;0;0;3.66666666666667;3;1.66666666666667;2.16666666666667;3.4;55;7jqdo2yb1lhd2nat5sjc;7jqdo2yb1lhd2nat5sjc;0;0;DONE;Medianamente inadecuado;Si;2;Altamente adecuado;No;;Altamente adecuado;No;;Un poco adecuado;No;;Medianamente adecuado;No;;Altamente adecuado;Si;6;Un poco adecuado;No;;Altamente adecuado;Si;6;Un poco adecuado;No;;Muy inadecuado;No;;Poco inadecuado;Si;3;Un poco adecuado;Si;4;Medianamente inadecuado;No;;Muy inadecuado;No;;Poco inadecuado;Si;5;Medianamente inadecuado;No;;Sin opinion;Si;2;Altamente adecuado;No;;Poco inadecuado;No;;Medianamente inadecuado;No;;Medianamente inadecuado;No;;1;1;2;6;0;;6;0;;4;0;;5;0;;6;1;6;4;0;;6;1;6;4;0;;0;0;;2;1;3;4;1;4;1;0;;0;0;;2;1;5;1;0;;3;1;2;6;0;;2;0;;1;0;;1;0;;14;14;10;32;33;25;100
8;"";acepto participar;;1;0;0;1;Nunca;Demasiado;A menudo;Nunca;Ocasionalmente;Nunca;Muy a menudo;Demasiado;Algo;Nada;Un poco;Mucho;Rara vez;Ocasionalmente;Ocasionalmente;Demasiado;Un poco;Ocasionalmente;Ocasionalmente;Muy a menudo;1;5;4;1;3;1;5;5;3;1;2;4;2;3;3;5;2;3;3;5;0;0;3;4.33333333333333;2.33333333333333;2.66666666666667;3.2;61;sh09phd2pw2k2po0uz6m;sh09phd2pw2k2po0uz6m;0;0;DONE;Un poco adecuado;Si;3;Medianamente inadecuado;Si;1;Poco inadecuado;Si;2;Medianamente adecuado;No;;Altamente adecuado;Si;6;Un poco adecuado;No;;Muy inadecuado;No;;Poco inadecuado;No;;Altamente adecuado;No;;Un poco adecuado;Si;3;Medianamente inadecuado;Si;2;Altamente adecuado;No;;Un poco adecuado;Si;1;Sin opinion;Si;4;Un poco adecuado;No;;Medianamente inadecuado;No;;Muy inadecuado;No;;Altamente adecuado;No;;Poco inadecuado;No;;Medianamente inadecuado;No;;Medianamente inadecuado;No;;4;1;3;1;1;1;2;1;2;5;0;;6;1;6;4;0;;0;0;;2;0;;6;0;;4;1;3;1;1;2;6;0;;4;1;1;3;1;4;4;0;;1;0;;0;0;;6;0;;2;0;;1;0;;1;0;;13;13;11;27;36;19;93
9;"";acepto participar;;1;0;0;1;A menudo;Nada;A menudo;Nunca;Ocasionalmente;Ocasionalmente;Muy a menudo;Mucho;Algo;Nada;Algo;Demasiado;A menudo;A menudo;Nunca;Nada;Un poco;Rara vez;Rara vez;A menudo;4;1;4;1;3;3;5;4;3;1;3;5;4;4;1;1;2;2;2;4;0;0;3;1.66666666666667;2.33333333333333;2.66666666666667;4;57;7tp4ymabmd7e838f8sfq;7tp4ymabmd7e838f8sfq;0;0;DONE;Sin opinion;No;;Altamente adecuado;No;;Medianamente inadecuado;Si;1;Altamente adecuado;No;;Poco inadecuado;Si;1;Sin opinion;Si;1;Un poco adecuado;Si;3;Medianamente adecuado;Si;2;Muy inadecuado;No;;Poco inadecuado;Si;3;Un poco adecuado;Si;4;Medianamente inadecuado;No;;Muy inadecuado;No;;Altamente adecuado;No;;Un poco adecuado;No;;Medianamente inadecuado;No;;Muy inadecuado;No;;Altamente adecuado;No;;Poco inadecuado;No;;Medianamente inadecuado;No;;Medianamente inadecuado;No;;3;0;;6;0;;1;1;1;6;0;;2;1;1;3;1;1;4;1;3;5;1;2;0;0;;2;1;3;4;1;4;1;0;;0;0;;6;0;;4;0;;1;0;;0;0;;6;0;;2;0;;1;0;;1;0;;14;14;9;26;30;15;80
