id,Consent_000_RAW,Consent_001_RAW,CRS_01_RAW,CRS_02_RAW,CRS_03_RAW,CRS_04_RAW,CRS_05_RAW,CRS_06_RAW,CRS_07_RAW,CRS_08_RAW,CRS_09_RAW,CRS_10_RAW,CRS_11_RAW,CRS_12_RAW,CRS_13_RAW,CRS_14_RAW,CRS_15_RAW,CRS_16_RAW,CRS_17_RAW,CRS_18_RAW,CRS_19_RAW,CRS_20_RAW,Goodbye_001_RAW,MDDF_01_RAW,MDDF_02_RAW,MDDF_03_RAW,MDDF_04_RAW,MDDF_05_RAW,MDDF_06_RAW,MDDF_07_RAW,MDDF_08_RAW,MDDF_09_RAW,MDDF_10_RAW,MDDF_11_RAW,MDDF_12_RAW,MDDF_13_RAW,MDDF_14_RAW,MDDF_15_RAW,MDDF_16_RAW,MDDF_17_RAW,MDDF_18_RAW,MDDF_19_RAW,MDDF_20_RAW,MDDF_21_RAW,MDDF_22_RAW,MDDF_23_RAW,MDDF_24_RAW,MDDF_25_RAW,MDDF_26_RAW,MDDF_27_RAW,MDDF_28_RAW,MDDF_29_RAW,MDDF_30_RAW,MDDF_31_RAW,MDDF_32_RAW,MDDF_33_RAW,MDDF_34_RAW,MDDF_35_RAW,MDDF_36_RAW,MDDF_37_RAW,MDDF_38_RAW,MDDF_39_RAW,MDDF_40_RAW,MDDF_41_RAW,MDDF_42_RAW,MDDF_43_RAW,MDDF_44_RAW,MDDF_45_RAW,MDDF_46_RAW,MDDF_47_RAW,MDDF_48_RAW,MDDF_49_RAW,MDDF_50_RAW,MDDF_51_RAW,MDDF_52_RAW,MDDF_53_RAW,MDDF_54_RAW,MDDF_55_RAW,MDDF_56_RAW,MDDF_57_RAW,MDDF_58_RAW,MDDF_59_RAW,MDDF_60_RAW,MDDF_61_RAW,MDDF_62_RAW,MDDF_63_RAW
1,"",acepto participar,Ocasionalmente,Mucho,A menudo,Rara vez,A menudo,Nunca,A menudo,Nada,Algo,Algo,Demasiado,Mucho,Ocasionalmente,Nunca,Ocasionalmente,Demasiado,Mucho,A menudo,Nunca,Nunca,jbd2uzf26ebnr3uct9bh,Un poco adecuado,Si,6,Medianamente inadecuado,Si,2,Un poco adecuado,Si,3,Medianamente inadecuado,Si,1,Altamente adecuado,No,,Poco inadecuado,Si,1,Sin opinion,Si,1,Poco inadecuado,Si,5,Medianamente adecuado,Si,2,Muy inadecuado,No,,Poco inadecuado,Si,3,Un poco adecuado,Si,4,Medianamente inadecuado,No,,Muy inadecuado,No,,Medianamente inadecuado,Si,2,Altamente adecuado,No,,Un poco adecuado,Si,1,Sin opinion,Si,4,Medianamente inadecuado,Si,6,Poco inadecuado,No,,Medianamente adecuado,No,
10,"",acepto participar,Muy a menudo,Mucho,Nunca,Ocasionalmente,Nunca,Muy a menudo,Muy a menudo,Algo,Nada,Un poco,Mucho,Un poco,Ocasionalmente,Ocasionalmente,Muy a menudo,Un poco,Algo,Ocasionalmente,Muy a menudo,Muy a menudo,to0a83jgd0sly990pz2k,Poco inadecuado,No,,Medianamente inadecuado,Si,1,Muy inadecuado,Si,7,Medianamente inadecuado,Si,3,Poco inadecuado,No,,Altamente adecuado,No,,Un poco adecuado,Si,3,Sin opinion,Si,1,Un poco adecuado,Si,3,Medianamente inadecuado,Si,2,Altamente adecuado,No,,Un poco adecuado,Si,1,Sin opinion,Si,4,Medianamente inadecuado,Si,6,Medianamente inadecuado,No,,Muy inadecuado,No,,Altamente adecuado,No,,Poco inadecuado,No,,Medianamente inadecuado,No,,Medianamente inadecuado,No,,Altamente adecuado,No,
11,"",acepto participar,Nunca,Mucho,Nunca,Ocasionalmente,Ocasionalmente,Muy a menudo,A menudo,Algo,Nada,Algo,Demasiado,Mucho,A menudo,Nunca,Nunca,Un poco,Un poco,Rara vez,A menudo,Ocasionalmente,9l0g27yha117cda1ebhk,Medianamente inadecuado,Si,3,Un poco adecuado,No,,Un poco adecuado,No,,Medianamente adecuado,No,,Altamente adecuado,Si,6,Un poco adecuado,No,,Muy inadecuado,No,,Medianamente adecuado,Si,2,Muy inadecuado,No,,Poco inadecuado,Si,3,Un poco adecuado,Si,4,Medianamente inadecuado,No,,Muy inadecuado,No,,Altamente adecuado,No,,Un poco adecuado,No,,Medianamente inadecuado,No,,Muy inadecuado,No,,Altamente adecuado,No,,Poco inadecuado,No,,Medianamente inadecuado,No,,Medianamente inadecuado,No,
12,"",acepto participar,A menudo,Nada,Ocasionalmente,Nunca,Muy a menudo,Muy a menudo,Ocasionalmente,Nada,Un poco,Mucho,Un poco,Algo,Ocasionalmente,Muy a menudo,Rara vez,Algo,Algo,Muy a menudo,Muy a menudo,Muy a menudo,0haoohelgs7cluojdc4l,Poco inadecuado,No,,Muy inadecuado,Si,7,Muy inadecuado,Si,2,Poco inadecuado,Si,1,Sin opinion,Si,1,Un poco adecuado,Si,3,Medianamente inadecuado,Si,2,Un poco adecuado,Si,7,Poco inadecuado,No,,Poco inadecuado,No,,Altamente adecuado,No,,Un poco adecuado,Si,1,Sin opinion,Si,4,Medianamente inadecuado,Si,6,Sin opinion,Si,2,Altamente adecuado,No,,Poco inadecuado,No,,Medianamente inadecuado,No,,Medianamente inadecuado,No,,Altamente adecuado,No,,Poco inadecuado,No,
13,"",acepto participar,A menudo,Nada,Ocasionalmente,Ocasionalmente,Muy a menudo,A menudo,Ocasionalmente,Nada,Algo,Demasiado,Mucho,Mucho,Nunca,Nunca,Rara vez,Un poco,Un poco,A menudo,Ocasionalmente,A menudo,sg0cqglvv1ozgghj1x4y,Altamente adecuado,No,,Un poco adecuado,No,,Muy inadecuado,Si,2,Poco inadecuado,Si,1,Sin opinion,Si,1,Un poco adecuado,Si,3,Medianamente inadecuado,Si,2,Un poco adecuado,Si,7,Poco inadecuado,No,,Poco inadecuado,No,,Altamente adecuado,No,,Un poco adecuado,Si,1,Sin opinion,Si,4,Medianamente inadecuado,Si,6,Sin opinion,Si,2,Altamente adecuado,No,,Poco inadecuado,No,,Medianamente inadecuado,No,,Medianamente inadecuado,No,,Altamente adecuado,No,,Poco inadecuado,No,
14,"",acepto participar,Nunca,Algo,Nunca,Muy a menudo,Muy a menudo,Ocasionalmente,Nunca,Un poco,Mucho,Un poco,Algo,Algo,Muy a menudo,Rara vez,Ocasionalmente,Algo,Demasiado,Muy a menudo,Muy a menudo,Muy a menudo,fgwcwwzg1by5yav145nr,Medianamente inadecuado,Si,1,Altamente adecuado,No,,Altamente adecuado,No,,Poco inadecuado,Si,1,Sin opinion,Si,1,Un poco adecuado,Si,3,Medianamente inadecuado,Si,2,Muy inadecuado,No,,Poco inadecuado,Si,3,Un poco adecuado,Si,4,Medianamente inadecuado,No,,Muy inadecuado,No,,Altamente adecuado,No,,Poco inadecuado,No,,Un poco adecuado,Si,1,Sin opinion,Si,4,Medianamente inadecuado,Si,6,Poco inadecuado,No,,Medianamente adecuado,No,,Un poco adecuado,No,,Altamente adecuado,No,
15,"",acepto participar,Nunca,Algo,Ocasionalmente,Muy a menudo,A menudo,Ocasionalmente,Nunca,Algo,Demasiado,Mucho,Mucho,Nada,Nunca,Rara vez,Rara vez,Un poco,Mucho,Ocasionalmente,A menudo,Nunca,gwbeg6ykjtcp04dv9knc,Poco inadecuado,Si,2,Medianamente adecuado,No,,Medianamente adecuado,No,,Altamente adecuado,Si,6,Un poco adecuado,No,,Muy inadecuado,No,,Poco inadecuado,Si,3,Un poco adecuado,Si,7,Poco inadecuado,No,,Poco inadecuado,No,,Altamente adecuado,No,,Un poco adecuado,Si,1,Sin opinion,Si,4,Medianamente inadecuado,Si,6,Sin opinion,Si,2,Altamente adecuado,No,,Poco inadecuado,No,,Medianamente inadecuado,No,,Medianamente inadecuado,No,,Altamente adecuado,No,,Poco inadecuado,No,
16,"",acepto participar,Ocasionalmente,Nada,Muy a menudo,Muy a menudo,Ocasionalmente,Nunca,Rara vez,Mucho,Un poco,Algo,Algo,Demasiado,Rara vez,Ocasionalmente,Ocasionalmente,Demasiado,Demasiado,Muy a menudo,Muy a menudo,Rara vez,4boc2x5s7l7n0m7ndqed,Muy inadecuado,Si,7,Medianamente inadecuado,Si,3,Poco inadecuado,Si,5,Medianamente adecuado,Si,2,Muy inadecuado,No,,Poco inadecuado,Si,3,Un poco adecuado,Si,4,Altamente adecuado,Si,2,Poco inadecuado,No,,Altamente adecuado,No,,Un poco adecuado,Si,1,Sin opinion,Si,4,Medianamente inadecuado,Si,6,Poco inadecuado,No,,Medianamente inadecuado,Si,6,Poco inadecuado,No,,Medianamente inadecuado,No,,Medianamente inadecuado,No,,Altamente adecuado,No,,Poco inadecuado,No,,Altamente adecuado,No,
17,"",acepto participar,Ocasionalmente,Algo,Muy a menudo,A menudo,Ocasionalmente,Nunca,Ocasionalmente,Demasiado,Mucho,Mucho,Nada,Nada,Rara vez,Rara vez,Rara vez,Mucho,Algo,A menudo,Nunca,Muy a menudo,wv0y9fajq5f1kzfwxbwl,Un poco adecuado,No,,Medianamente adecuado,No,,Medianamente inadecuado,Si,3,Poco inadecuado,No,,Altamente adecuado,No,,Un poco adecuado,Si,3,Medianamente inadecuado,Si,2,Un poco adecuado,Si,3,Medianamente inadecuado,Si,2,Altamente adecuado,No,,Un poco adecuado,Si,1,Sin opinion,Si,4,Medianamente inadecuado,Si,6,Poco inadecuado,No,,Un poco adecuado,Si,1,Altamente adecuado,No,,Medianamente inadecuado,No,,Poco inadecuado,No,,Medianamente adecuado,No,,Un poco adecuado,No,,Altamente adecuado,No,
18,"",acepto participar,Nunca,Demasiado,Muy a menudo,Ocasionalmente,Nunca,Rara vez,A menudo,Un poco,Algo,Algo,Demasiado,Un poco,Ocasionalmente,Ocasionalmente,Muy a menudo,Demasiado,Demasiado,Muy a menudo,Rara vez,Nunca,eos76rvjecl16r6t6e29,Muy inadecuado,Si,2,Poco inadecuado,Si,1,Altamente adecuado,Si,6,Un poco adecuado,No,,Muy inadecuado,No,,Poco inadecuado,Si,3,Un poco adecuado,Si,4,Poco inadecuado,Si,3,Un poco adecuado,Si,4,Medianamente inadecuado,No,,Muy inadecuado,No,,Altamente adecuado,No,,Poco inadecuado,No,,Medianamente inadecuado,No,,Un poco adecuado,Si,1,Altamente adecuado,No,,Medianamente inadecuado,No,,Poco inadecuado,No,,Medianamente adecuado,No,,Un poco adecuado,No,,Altamente adecuado,No,
19,"",acepto participar,Ocasionalmente,Demasiado,A menudo,Ocasionalmente,Nunca,Ocasionalmente,Muy a menudo,Mucho,Mucho,Nada,Nada,Un poco,Rara vez,Rara vez,A menudo,Algo,Mucho,Nunca,Muy a menudo,Muy a menudo,c3vex4lrv4p031x7y3ac,Medianamente inadecuado,No,,Poco inadecuado,Si,5,Altamente adecuado,Si,6,Un poco adecuado,No,,Muy inadecuado,No,,Poco inadecuado,Si,3,Un poco adecuado,Si,4,Poco inadecuado,Si,3,Un poco adecuado,Si,4,Medianamente inadecuado,No,,Muy inadecuado,No,,Altamente adecuado,No,,Poco inadecuado,No,,Medianamente inadecuado,No,,Un poco adecuado,Si,1,Altamente adecuado,No,,Medianamente inadecuado,No,,Poco inadecuado,No,,Medianamente adecuado,No,,Un poco adecuado,No,,Altamente adecuado,No,
2,"",acepto participar,Rara vez,Un poco,Ocasionalmente,Nunca,Muy a menudo,A menudo,Nunca,Algo,Nada,Demasiado,Demasiado,Algo,Nunca,Rara vez,A menudo,Un poco,Algo,Ocasionalmente,Muy a menudo,Rara vez,ncddtsfx5cr832r0mbu1,Sin opinion,Si,1,Un poco adecuado,Si,3,Sin opinion,No,,Altamente adecuado,No,,Un poco adecuado,No,,Medianamente adecuado,No,,Altamente adecuado,Si,6,Medianamente adecuado,No,,Altamente adecuado,Si,6,Un poco adecuado,No,,Muy inadecuado,No,,Poco inadecuado,Si,3,Un poco adecuado,Si,4,Medianamente inadecuado,No,,Poco inadecuado,Si,3,Un poco adecuado,Si,4,Medianamente inadecuado,No,,Muy inadecuado,No,,Altamente adecuado,No,,Poco inadecuado,No,,Medianamente inadecuado,No,
20,"",acepto participar,Muy a menudo,Demasiado,Ocasionalmente,Nunca,Rara vez,A menudo,Rara vez,Algo,Algo,Demasiado,Un poco,Algo,Ocasionalmente,Muy a menudo,Muy a menudo,Demasiado,Demasiado,Rara vez,Nunca,A menudo,y9xk3ytacls80b2q0x6c,Altamente adecuado,No,,Poco inadecuado,Si,1,Poco inadecuado,Si,4,Altamente adecuado,No,,Un poco adecuado,Si,3,Medianamente inadecuado,Si,2,Altamente adecuado,No,,Poco inadecuado,No,,Poco inadecuado,No,,Altamente adecuado,No,,Un poco adecuado,Si,1,Sin opinion,Si,4,Medianamente inadecuado,Si,6,Poco inadecuado,No,,Sin opinion,Si,4,Medianamente inadecuado,Si,6,Poco inadecuado,No,,Medianamente adecuado,No,,Un poco adecuado,No,,Altamente adecuado,No,,Poco inadecuado,No,
21,"",acepto participar,Muy a menudo,Mucho,Ocasionalmente,Nunca,Ocasionalmente,Muy a menudo,A menudo,Mucho,Nada,Nada,Un poco,Un poco,Rara vez,A menudo,Ocasionalmente,Mucho,Nada,Muy a menudo,Muy a menudo,Rara vez,5matexbx553s2spza0dk,Medianamente adecuado,No,,Altamente adecuado,Si,6,Un poco adecuado,No,,Un poco adecuado,No,,Muy inadecuado,No,,Poco inadecuado,Si,3,Un poco adecuado,Si,4,Poco inadecuado,No,,Poco inadecuado,No,,Altamente adecuado,No,,Un poco adecuado,Si,1,Sin opinion,Si,4,Medianamente inadecuado,Si,6,Poco inadecuado,No,,Sin opinion,Si,4,Medianamente inadecuado,Si,6,Poco inadecuado,No,,Medianamente adecuado,No,,Un poco adecuado,No,,Altamente adecuado,No,,Poco inadecuado,No,
22,"",acepto participar,Muy a menudo,Algo,Nunca,Rara vez,A menudo,Rara vez,Ocasionalmente,Algo,Demasiado,Un poco,Algo,Algo,Muy a menudo,Muy a menudo,Muy a menudo,Demasiado,Un poco,Nunca,A menudo,Ocasionalmente,s75upvkfe86zpnylm585,Medianamente inadecuado,Si,3,Poco inadecuado,No,,Poco inadecuado,No,,Altamente adecuado,No,,Un poco adecuado,Si,3,Medianamente inadecuado,Si,2,Altamente adecuado,No,,Poco inadecuado,Si,5,Un poco adecuado,No,,Medianamente inadecuado,No,,Muy inadecuado,No,,Altamente adecuado,No,,Poco inadecuado,No,,Medianamente inadecuado,No,,Medianamente inadecuado,Si,6,Poco inadecuado,No,,Medianamente inadecuado,No,,Medianamente inadecuado,No,,Altamente adecuado,No,,Poco inadecuado,No,,Altamente adecuado,No,
23,"",acepto participar,A menudo,Algo,Nunca,Ocasionalmente,Muy a menudo,A menudo,A menudo,Nada,Nada,Un poco,Un poco,Un poco,A menudo,Ocasionalmente,A menudo,Nada,Demasiado,Muy a menudo,Rara vez,Ocasionalmente,yzmd0u498uzsmzw2g0w0,Poco inadecuado,Si,5,Medianamente adecuado,Si,2,Sin opinion,Si,1,Un poco adecuado,Si,3,Medianamente inadecuado,Si,2,Altamente adecuado,No,,Un poco adecuado,Si,1,Un poco adecuado,Si,4,Medianamente inadecuado,No,,Muy inadecuado,No,,Altamente adecuado,No,,Poco inadecuado,No,,Medianamente inadecuado,No,,Medianamente inadecuado,No,,Medianamente adecuado,Si,6,Medianamente inadecuado,No,,Medianamente inadecuado,No,,Altamente adecuado,No,,Poco inadecuado,No,,Altamente adecuado,No,,Medianamente inadecuado,Si,7
24,"",acepto participar,Ocasionalmente,Nada,Rara vez,A menudo,Rara vez,Ocasionalmente,Ocasionalmente,Demasiado,Un poco,Algo,Algo,Demasiado,Muy a menudo,Muy a menudo,Muy a menudo,Un poco,Nada,A menudo,Ocasionalmente,Ocasionalmente,g1mqbmczh6kd8g5y7y04,Poco inadecuado,Si,1,Sin opinion,Si,1,Un poco adecuado,No,,Muy inadecuado,No,,Poco inadecuado,Si,3,Un poco adecuado,Si,4,Medianamente inadecuado,No,,Poco inadecuado,No,,Altamente adecuado,No,,Un poco adecuado,Si,1,Sin opinion,Si,4,Medianamente inadecuado,Si,6,Poco inadecuado,No,,Medianamente adecuado,No,,Altamente adecuado,No,,Medianamente inadecuado,No,,Poco inadecuado,No,,Medianamente adecuado,No,,Un poco adecuado,No,,Altamente adecuado,No,,Poco inadecuado,No,
25,"",acepto participar,Ocasionalmente,Nada,Ocasionalmente,Muy a menudo,A menudo,A menudo,Nunca,Nada,Un poco,Un poco,Un poco,Mucho,Ocasionalmente,A menudo,Nunca,Demasiado,Demasiado,Rara vez,Ocasionalmente,Rara vez,ag4rlorhxb9jd7a8xdf8,Altamente adecuado,Si,6,Un poco adecuado,No,,Un poco adecuado,No,,Muy inadecuado,No,,Poco inadecuado,Si,3,Un poco adecuado,Si,4,Medianamente inadecuado,No,,Poco inadecuado,No,,Altamente adecuado,No,,Un poco adecuado,Si,1,Sin opinion,Si,4,Medianamente inadecuado,Si,6,Poco inadecuado,No,,Medianamente adecuado,No,,Altamente adecuado,No,,Medianamente inadecuado,No,,Poco inadecuado,No,,Medianamente adecuado,No,,Un poco adecuado,No,,Altamente adecuado,No,,Poco inadecuado,No,
26,"",acepto participar,Nunca,Un poco,A menudo,Rara vez,Ocasionalmente,Ocasionalmente,Muy a menudo,Un poco,Algo,Algo,Demasiado,Demasiado,Muy a menudo,Muy a menudo,Rara vez,Nada,Mucho,Ocasionalmente,Ocasionalmente,A menudo,udmvygv5dgttg2vqemz5,Poco inadecuado,Si,4,Altamente adecuado,No,,Altamente adecuado,No,,Un poco adecuado,Si,3,Medianamente inadecuado,Si,2,Altamente adecuado,No,,Un poco adecuado,Si,1,Medianamente inadecuado,Si,3,Un poco adecuado,Si,1,Sin opinion,Si,4,Medianamente inadecuado,Si,6,Poco inadecuado,No,,Medianamente adecuado,No,,Un poco adecuado,No,,Medianamente adecuado,No,,Medianamente adecuado,No,,Medianamente adecuado,Si,4,Poco inadecuado,No,,Altamente adecuado,No,,Medianamente inadecuado,Si,7,Medianamente inadecuado,Si,6
27,"",acepto participar,Nunca,Algo,Muy a menudo,A menudo,A menudo,Nunca,Nunca,Un poco,Un poco,Un poco,Mucho,Algo,A menudo,Nunca,Muy a menudo,Demasiado,Un poco,Ocasionalmente,Rara vez,Ocasionalmente,8vkka8hekh9cp9yjo5pv,Un poco adecuado,No,,Un poco adecuado,No,,Altamente adecuado,No,,Un poco adecuado,Si,3,Medianamente inadecuado,Si,2,Altamente adecuado,No,,Un poco adecuado,Si,1,Medianamente inadecuado,Si,3,Un poco adecuado,Si,1,Sin opinion,Si,4,Medianamente inadecuado,Si,6,Poco inadecuado,No,,Medianamente adecuado,No,,Un poco adecuado,No,,Medianamente adecuado,No,,Medianamente adecuado,No,,Medianamente adecuado,Si,4,Poco inadecuado,No,,Altamente adecuado,No,,Medianamente inadecuado,Si,7,Medianamente inadecuado,Si,6
28,"",acepto participar,Rara vez,Mucho,Rara vez,Ocasionalmente,Ocasionalmente,Muy a menudo,Rara vez,Algo,Algo,Demasiado,Demasiado,Demasiado,Muy a menudo,Rara vez,Nunca,Mucho,Algo,Ocasionalmente,A menudo,Muy a menudo,spwam5wshorr69a57fym,Poco inadecuado,No,,Altamente adecuado,No,,Medianamente inadecuado,Si,6,Poco inadecuado,Si,3,Un poco adecuado,Si,4,Medianamente inadecuado,No,,Muy inadecuado,No,,Un poco adecuado,No,,Medianamente inadecuado,No,,Muy inadecuado,No,,Altamente adecuado,No,,Poco inadecuado,No,,Medianamente inadecuado,No,,Medianamente inadecuado,No,,Altamente adecuado,No,,Medianamente inadecuado,No,,Poco inadecuado,No,,Medianamente adecuado,No,,Un poco adecuado,No,,Altamente adecuado,No,,Poco inadecuado,No,
29,"",acepto participar,Ocasionalmente,Demasiado,A menudo,A menudo,Nunca,Nunca,Rara vez,Un poco,Un poco,Mucho,Algo,Mucho,Nunca,Muy a menudo,Muy a menudo,Un poco,Algo,Rara vez,Ocasionalmente,Ocasionalmente,3o7um28k3kwfhrg8uqng,Medianamente adecuado,Si,2,Muy inadecuado,No,,Muy inadecuado,No,,Poco inadecuado,Si,3,Un poco adecuado,Si,4,Medianamente inadecuado,No,,Muy inadecuado,No,,Altamente adecuado,No,,Un poco adecuado,Si,1,Sin opinion,Si,4,Medianamente inadecuado,Si,6,Poco inadecuado,No,,Medianamente adecuado,No,,Un poco adecuado,No,,Medianamente inadecuado,No,,Poco inadecuado,No,,Medianamente adecuado,No,,Un poco adecuado,No,,Altamente adecuado,No,,Poco inadecuado,No,,Un poco adecuado,No,
3,"",acepto participar,A menudo,Mucho,Rara vez,A menudo,Nunca,A menudo,Nunca,Algo,Algo,Demasiado,Mucho,Algo,Nunca,Ocasionalmente,Muy a menudo,Mucho,Mucho,Nunca,Nunca,Rara vez,n2n0rc9qvd3831y69xox,Poco inadecuado,No,,Medianamente inadecuado,Si,2,Sin opinion,No,,Altamente adecuado,No,,Un poco adecuado,No,,Medianamente adecuado,No,,Altamente adecuado,Si,6,Medianamente adecuado,No,,Altamente adecuado,Si,6,Un poco adecuado,No,,Muy inadecuado,No,,Poco inadecuado,Si,3,Un poco adecuado,Si,4,Medianamente inadecuado,No,,Poco inadecuado,Si,3,Un poco adecuado,Si,4,Medianamente inadecuado,No,,Muy inadecuado,No,,Altamente adecuado,No,,Poco inadecuado,No,,Medianamente inadecuado,No,
30,"",acepto participar,A menudo,Un poco,Ocasionalmente,Ocasionalmente,Muy a menudo,Rara vez,Ocasionalmente,Algo,Demasiado,Demasiado,Demasiado,Demasiado,Rara vez,Nunca,A menudo,Algo,Algo,A menudo,Muy a menudo,Ocasionalmente,oj2ezhwszwmf9o0xmy21,Sin opinion,Si,1,Un poco adecuado,Si,3,Medianamente adecuado,Si,1,Poco inadecuado,Si,5,Medianamente inadecuado,No,,Sin opinion,Si,2,Altamente adecuado,No,,Medianamente inadecuado,No,,Muy inadecuado,No,,Altamente adecuado,No,,Poco inadecuado,No,,Medianamente inadecuado,No,,Medianamente inadecuado,No,,Altamente adecuado,No,,Medianamente inadecuado,No,,Poco inadecuado,No,,Medianamente adecuado,No,,Un poco adecuado,No,,Altamente adecuado,No,,Poco inadecuado,No,,Un poco adecuado,No,
31,"",acepto participar,Muy a menudo,Mucho,A menudo,Nunca,Nunca,Rara vez,Rara vez,Un poco,Mucho,Algo,Mucho,Nada,Muy a menudo,Muy a menudo,Rara vez,Algo,Un poco,Ocasionalmente,Ocasionalmente,A menudo,91cu6bt63a4g9ylafnru,Un poco adecuado,No,,Muy inadecuado,No,,Un poco adecuado,Si,3,Medianamente inadecuado,Si,2,Altamente adecuado,No,,Un poco adecuado,Si,1,Sin opinion,Si,4,Medianamente inadecuado,No,,Muy inadecuado,No,,Altamente adecuado,No,,Poco inadecuado,No,,Medianamente inadecuado,No,,Medianamente inadecuado,No,,Altamente adecuado,No,,Medianamente inadecuado,No,,Poco inadecuado,No,,Medianamente adecuado,No,,Un poco adecuado,No,,Altamente adecuado,No,,Poco inadecuado,No,,Un poco adecuado,No,
32,"",acepto participar,Rara vez,Algo,Ocasionalmente,Muy a menudo,Rara vez,Ocasionalmente,Ocasionalmente,Demasiado,Demasiado,Demasiado,Demasiado,Un poco,Nunca,A menudo,Ocasionalmente,Algo,Mucho,Muy a menudo,Ocasionalmente,Rara vez,r1yuvoh5al57nxgt0zjp,Altamente adecuado,No,,Un poco adecuado,Si,3,Altamente adecuado,Si,2,Poco inadecuado,No,,Altamente adecuado,No,,Un poco adecuado,Si,1,Sin opinion,Si,4,Un poco adecuado,Si,1,Sin opinion,Si,4,Medianamente inadecuado,Si,6,Poco inadecuado,No,,Medianamente adecuado,No,,Un poco adecuado,No,,Altamente adecuado,No,,Poco inadecuado,No,,Medianamente adecuado,No,,Un poco adecuado,No,,Altamente adecuado,No,,Poco inadecuado,No,,Un poco adecuado,No,,Medianamente adecuado,No,
33,"",acepto participar,A menudo,Mucho,Nunca,Nunca,Rara vez,Rara vez,Rara vez,Mucho,Algo,Mucho,Nada,Demasiado,Muy a menudo,Rara vez,Ocasionalmente,Un poco,Algo,Ocasionalmente,A menudo,Ocasionalmente,loc54ns5hh9c5vp0elt7,Medianamente inadecuado,Si,6,Poco inadecuado,Si,3,Poco inadecuado,No,,Poco inadecuado,No,,Altamente adecuado,No,,Un poco adecuado,Si,1,Sin opinion,Si,4,Sin opinion,Si,2,Altamente adecuado,No,,Poco inadecuado,No,,Medianamente inadecuado,No,,Medianamente inadecuado,No,,Altamente adecuado,No,,Poco inadecuado,No,,Medianamente adecuado,No,,Medianamente adecuado,Si,4,Poco inadecuado,No,,Altamente adecuado,No,,Medianamente inadecuado,Si,7,Medianamente inadecuado,Si,6,Muy inadecuado,No,
34,"",acepto participar,Ocasionalmente,Algo,Muy a menudo,Rara vez,Ocasionalmente,Ocasionalmente,Muy a menudo,Demasiado,Demasiado,Demasiado,Un poco,Nada,A menudo,Ocasionalmente,Ocasionalmente,Mucho,Demasiado,Ocasionalmente,Rara vez,Rara vez,naa3ld6m41lvvwj02v1k,Un poco adecuado,Si,7,Poco inadecuado,No,,Poco inadecuado,No,,Poco inadecuado,No,,Altamente adecuado,No,,Un poco adecuado,Si,1,Sin opinion,Si,4,Sin opinion,Si,2,Altamente adecuado,No,,Poco inadecuado,No,,Medianamente inadecuado,No,,Medianamente inadecuado,No,,Altamente adecuado,No,,Poco inadecuado,No,,Medianamente adecuado,No,,Medianamente adecuado,Si,4,Poco inadecuado,No,,Altamente adecuado,No,,Medianamente inadecuado,Si,7,Medianamente inadecuado,Si,6,Muy inadecuado,No,
35,"",acepto participar,A menudo,Nada,Nunca,Rara vez,Rara vez,Rara vez,A menudo,Algo,Mucho,Nada,Demasiado,Demasiado,Rara vez,Ocasionalmente,Rara vez,Algo,Algo,A menudo,Ocasionalmente,Muy a menudo,wo5ctqn3axz7nb6z2keo,Muy inadecuado,No,,Poco inadecuado,Si,3,Poco inadecuado,Si,5,Un poco adecuado,No,,Medianamente inadecuado,No,,Muy inadecuado,No,,Altamente adecuado,No,,Sin opinion,Si,2,Altamente adecuado,No,,Poco inadecuado,No,,Medianamente inadecuado,No,,Medianamente inadecuado,No,,Altamente adecuado,No,,Poco inadecuado,No,,Medianamente adecuado,No,,Medianamente adecuado,Si,4,Poco inadecuado,No,,Altamente adecuado,No,,Medianamente inadecuado,Si,7,Medianamente inadecuado,Si,6,Muy inadecuado,No,
36,"",acepto participar,Ocasionalmente,Demasiado,Rara vez,Ocasionalmente,Ocasionalmente,Muy a menudo,Muy a menudo,Demasiado,Demasiado,Un poco,Nada,Mucho,Ocasionalmente,Ocasionalmente,A menudo,Demasiado,Algo,Rara vez,Rara vez,A menudo,9ouhhs52w7xec2zalr4o,Un poco adecuado,Si,3,Medianamente inadecuado,Si,2,Poco inadecuado,Si,5,Medianamente inadecuado,No,,Sin opinion,Si,2,Altamente adecuado,No,,Poco inadecuado,No,,Un poco adecuado,Si,1,Altamente adecuado,No,,Medianamente inadecuado,No,,Poco inadecuado,No,,Medianamente adecuado,No,,Un poco adecuado,No,,Altamente adecuado,No,,Medianamente inadecuado,No,,Medianamente adecuado,Si,4,Altamente adecuado,No,,Poco inadecuado,No,,Un poco adecuado,No,,Medianamente adecuado,No,,Altamente adecuado,Si,6
37,"",acepto participar,Nunca,Nada,Rara vez,Rara vez,Rara vez,A menudo,Ocasionalmente,Mucho,Nada,Demasiado,Demasiado,Un poco,Ocasionalmente,Rara vez,Ocasionalmente,Algo,Mucho,Ocasionalmente,Muy a menudo,Nunca,jllymrkbmn3oupv6sxkw,Medianamente adecuado,Si,1,Poco inadecuado,Si,5,Poco inadecuado,No,,Altamente adecuado,No,,Un poco adecuado,Si,1,Sin opinion,Si,4,Medianamente inadecuado,Si,6,Sin opinion,Si,4,Medianamente inadecuado,Si,6,Poco inadecuado,No,,Medianamente adecuado,No,,Un poco adecuado,No,,Altamente adecuado,No,,Poco inadecuado,No,,Altamente adecuado,No,,Poco inadecuado,No,,Altamente adecuado,No,,Medianamente inadecuado,Si,7,Medianamente inadecuado,Si,6,Muy inadecuado,No,,Poco inadecuado,No,
38,"",acepto participar,Muy a menudo,Un poco,Ocasionalmente,Ocasionalmente,Muy a menudo,Muy a menudo,Muy a menudo,Demasiado,Un poco,Nada,Mucho,Algo,Ocasionalmente,A menudo,Muy a menudo,Algo,Un poco,Rara vez,A menudo,Muy a menudo,gmvcnev1lxpk6h4rk84v,Altamente adecuado,Si,2,Poco inadecuado,No,,Poco inadecuado,No,,Altamente adecuado,No,,Un poco adecuado,Si,1,Sin opinion,Si,4,Medianamente inadecuado,Si,6,Sin opinion,Si,4,Medianamente inadecuado,Si,6,Poco inadecuado,No,,Medianamente adecuado,No,,Un poco adecuado,No,,Altamente adecuado,No,,Poco inadecuado,No,,Altamente adecuado,No,,Poco inadecuado,No,,Altamente adecuado,No,,Medianamente inadecuado,Si,7,Medianamente inadecuado,Si,6,Muy inadecuado,No,,Poco inadecuado,No,
39,"",acepto participar,Nunca,Un poco,Rara vez,Rara vez,A menudo,Ocasionalmente,A menudo,Nada,Demasiado,Demasiado,Un poco,Algo,Rara vez,Ocasionalmente,Ocasionalmente,Mucho,Algo,Muy a menudo,Nunca,Muy a menudo,0gbn1g49yqhdajdsv3mh,Poco inadecuado,Si,3,Un poco adecuado,Si,4,Medianamente inadecuado,Si,3,Un poco adecuado,Si,1,Sin opinion,Si,4,Medianamente inadecuado,Si,6,Poco inadecuado,No,,Medianamente adecuado,Si,6,Medianamente inadecuado,No,,Medianamente inadecuado,No,,Altamente adecuado,No,,Poco inadecuado,No,,Altamente adecuado,No,,Medianamente inadecuado,Si,7,Un poco adecuado,No,,Altamente adecuado,No,,Poco inadecuado,No,,Un poco adecuado,No,,Medianamente adecuado,No,,Altamente adecuado,Si,6,Medianamente adecuado,Si,6
4,"",acepto participar,Rara vez,Algo,Nunca,Muy a menudo,A menudo,Nunca,Ocasionalmente,Nada,Demasiado,Demasiado,Algo,Nada,Rara vez,A menudo,Rara vez,Algo,Algo,Muy a menudo,Rara vez,Ocasionalmente,o2vdnplbhrefm44zvpbc,Poco inadecuado,Si,5,Poco inadecuado,No,,Poco inadecuado,No,,Medianamente inadecuado,Si,1,Altamente adecuado,No,,Poco inadecuado,Si,1,Sin opinion,Si,1,Poco inadecuado,Si,1,Sin opinion,Si,1,Un poco adecuado,Si,3,Medianamente inadecuado,Si,2,Altamente adecuado,No,,Un poco adecuado,Si,1,Sin opinion,Si,4,Un poco adecuado,Si,4,Medianamente inadecuado,No,,Muy inadecuado,No,,Altamente adecuado,No,,Poco inadecuado,No,,Medianamente inadecuado,No,,Medianamente inadecuado,No,
40,"",acepto participar,Rara vez,Algo,Ocasionalmente,Muy a menudo,Muy a menudo,Muy a menudo,Muy a menudo,Un poco,Nada,Mucho,Algo,Algo,A menudo,Muy a menudo,Ocasionalmente,Un poco,Un poco,A menudo,Muy a menudo,Muy a menudo,p2k1ddn88h1hv46a4jjl,Poco inadecuado,No,,Poco inadecuado,No,,Un poco adecuado,Si,4,Medianamente inadecuado,No,,Muy inadecuado,No,,Altamente adecuado,No,,Poco inadecuado,No,,Medianamente inadecuado,Si,6,Poco inadecuado,No,,Medianamente inadecuado,No,,Medianamente inadecuado,No,,Altamente adecuado,No,,Poco inadecuado,No,,Altamente adecuado,No,,Medianamente adecuado,Si,4,Poco inadecuado,No,,Altamente adecuado,No,,Medianamente inadecuado,Si,7,Medianamente inadecuado,Si,6,Muy inadecuado,No,,Poco inadecuado,No,
41,"",acepto participar,Rara vez,Un poco,Rara vez,A menudo,Ocasionalmente,A menudo,Nunca,Demasiado,Demasiado,Un poco,Algo,Un poco,Ocasionalmente,Ocasionalmente,A menudo,Algo,Demasiado,Nunca,Muy a menudo,A menudo,3bmedtacdtqb78lsrpop,Poco inadecuado,Si,5,Un poco adecuado,No,,Un poco adecuado,No,,Medianamente inadecuado,No,,Muy inadecuado,No,,Altamente adecuado,No,,Poco inadecuado,No,,Sin opinion,Si,4,Medianamente inadecuado,Si,6,Poco inadecuado,No,,Medianamente adecuado,No,,Un poco adecuado,No,,Altamente adecuado,No,,Poco inadecuado,No,,Altamente adecuado,No,,Poco inadecuado,No,,Altamente adecuado,No,,Medianamente inadecuado,Si,7,Medianamente inadecuado,Si,6,Muy inadecuado,No,,Poco inadecuado,No,
42,"",acepto participar,Ocasionalmente,Algo,Muy a menudo,Muy a menudo,Muy a menudo,Muy a menudo,Rara vez,Nada,Mucho,Algo,Algo,Mucho,Muy a menudo,Ocasionalmente,Rara vez,Un poco,Mucho,Muy a menudo,Muy a menudo,Ocasionalmente,rup7zshhwu1tcxp5e589,Medianamente inadecuado,Si,2,Altamente adecuado,No,,Altamente adecuado,No,,Un poco adecuado,Si,1,Sin opinion,Si,4,Medianamente inadecuado,Si,6,Poco inadecuado,No,,Altamente adecuado,No,,Medianamente inadecuado,No,,Poco inadecuado,No,,Medianamente adecuado,No,,Un poco adecuado,No,,Altamente adecuado,No,,Poco inadecuado,No,,Poco inadecuado,Si,1,Altamente adecuado,No,,Medianamente inadecuado,Si,7,Medianamente inadecuado,Si,6,Muy inadecuado,No,,Poco inadecuado,No,,Un poco adecuado,No,
43,"",acepto participar,Rara vez,Un poco,A menudo,Ocasionalmente,A menudo,Nunca,Muy a menudo,Demasiado,Un poco,Algo,Un poco,Algo,Ocasionalmente,A menudo,Ocasionalmente,Demasiado,Nada,Muy a menudo,A menudo,Nunca,5qs2shn5lbl6nacwdy87,Poco inadecuado,Si,5,Medianamente inadecuado,No,,Medianamente inadecuado,No,,Sin opinion,Si,2,Altamente adecuado,No,,Poco inadecuado,No,,Medianamente inadecuado,No,,Medianamente adecuado,Si,6,Medianamente inadecuado,No,,Medianamente inadecuado,No,,Altamente adecuado,No,,Poco inadecuado,No,,Altamente adecuado,No,,Medianamente inadecuado,Si,7,Un poco adecuado,No,,Altamente adecuado,No,,Poco inadecuado,No,,Un poco adecuado,No,,Medianamente adecuado,No,,Altamente adecuado,Si,6,Medianamente adecuado,Si,6
44,"",acepto participar,Ocasionalmente,Demasiado,Muy a menudo,Muy a menudo,Muy a menudo,Rara vez,Nunca,Mucho,Algo,Algo,Mucho,Demasiado,Ocasionalmente,Rara vez,Rara vez,Mucho,Demasiado,Muy a menudo,Ocasionalmente,A menudo,umzyodzecpppq5cmadlv,Poco inadecuado,No,,Altamente adecuado,No,,Medianamente inadecuado,No,,Sin opinion,Si,2,Altamente adecuado,No,,Poco inadecuado,No,,Medianamente inadecuado,No,,Medianamente adecuado,Si,6,Medianamente inadecuado,No,,Medianamente inadecuado,No,,Altamente adecuado,No,,Poco inadecuado,No,,Altamente adecuado,No,,Medianamente inadecuado,Si,7,Un poco adecuado,No,,Altamente adecuado,No,,Poco inadecuado,No,,Un poco adecuado,No,,Medianamente adecuado,No,,Altamente adecuado,Si,6,Medianamente adecuado,Si,6
45,"",acepto participar,Rara vez,Mucho,Ocasionalmente,A menudo,Nunca,Muy a menudo,Muy a menudo,Un poco,Algo,Un poco,Algo,Algo,A menudo,Ocasionalmente,Muy a menudo,Nada,Demasiado,A menudo,Nunca,Nunca,oabcatsp7y63gopq6xc4,Un poco adecuado,Si,4,Medianamente inadecuado,No,,Medianamente inadecuado,No,,Muy inadecuado,No,,Altamente adecuado,No,,Poco inadecuado,No,,Medianamente inadecuado,No,,Altamente adecuado,No,,Medianamente inadecuado,No,,Poco inadecuado,No,,Medianamente adecuado,No,,Un poco adecuado,No,,Altamente adecuado,No,,Poco inadecuado,No,,Poco inadecuado,Si,1,Altamente adecuado,No,,Medianamente inadecuado,Si,7,Medianamente inadecuado,Si,6,Muy inadecuado,No,,Poco inadecuado,No,,Un poco adecuado,No,
46,"",acepto participar,Muy a menudo,Demasiado,Muy a menudo,Muy a menudo,Rara vez,Nunca,A menudo,Algo,Algo,Mucho,Demasiado,Algo,Rara vez,Rara vez,A menudo,Demasiado,Demasiado,Ocasionalmente,A menudo,Ocasionalmente,7azht26lsssswtnxfed4,Medianamente inadecuado,Si,3,Un poco adecuado,Si,1,Sin opinion,Si,2,Altamente adecuado,No,,Poco inadecuado,No,,Medianamente inadecuado,No,,Medianamente inadecuado,No,,Medianamente adecuado,No,,Medianamente adecuado,No,,Medianamente adecuado,Si,4,Poco inadecuado,No,,Altamente adecuado,No,,Medianamente inadecuado,Si,7,Medianamente inadecuado,Si,6,Altamente adecuado,No,,Medianamente inadecuado,Si,7,Medianamente inadecuado,Si,6,Muy inadecuado,No,,Poco inadecuado,No,,Un poco adecuado,No,,Medianamente adecuado,No,
47,"",acepto participar,A menudo,Algo,A menudo,Nunca,Muy a menudo,Muy a menudo,Rara vez,Algo,Un poco,Algo,Algo,Mucho,Ocasionalmente,Muy a menudo,Nunca,Demasiado,Mucho,Nunca,Nunca,Rara vez,ayz28wvk28lkuhtq47lq,Un poco adecuado,No,,Medianamente inadecuado,No,,Un poco adecuado,Si,1,Sin opinion,Si,4,Medianamente inadecuado,Si,6,Poco inadecuado,No,,Medianamente adecuado,No,,Medianamente inadecuado,No,,Poco inadecuado,No,,Medianamente adecuado,No,,Un poco adecuado,No,,Altamente adecuado,No,,Poco inadecuado,No,,Un poco adecuado,No,,Medianamente inadecuado,Si,2,Medianamente inadecuado,Si,7,Medianamente inadecuado,Si,6,Muy inadecuado,No,,Poco inadecuado,No,,Un poco adecuado,No,,Medianamente adecuado,No,
48,"",acepto participar,Muy a menudo,Demasiado,Muy a menudo,Rara vez,Nunca,A menudo,Ocasionalmente,Algo,Mucho,Demasiado,Algo,Un poco,Rara vez,A menudo,Muy a menudo,Demasiado,Algo,A menudo,Ocasionalmente,A menudo,gm7hp7koq5r92y89jfzo,Altamente adecuado,No,,Un poco adecuado,Si,1,Poco inadecuado,Si,1,Muy inadecuado,No,,Medianamente inadecuado,Si,6,Poco inadecuado,No,,Medianamente adecuado,No,,Medianamente inadecuado,No,,Medianamente inadecuado,No,,Altamente adecuado,No,,Poco inadecuado,No,,Altamente adecuado,No,,Medianamente inadecuado,Si,7,Medianamente inadecuado,Si,6,Medianamente inadecuado,Si,2,Un poco adecuado,No,,Medianamente adecuado,No,,Altamente adecuado,Si,6,Medianamente adecuado,Si,6,Un poco adecuado,No,,Medianamente adecuado,No,
49,"",acepto participar,Ocasionalmente,Mucho,Nunca,Muy a menudo,Muy a menudo,Rara vez,Ocasionalmente,Un poco,Algo,Algo,Mucho,Algo,Muy a menudo,Nunca,Muy a menudo,Mucho,Nada,Nunca,Rara vez,Rara vez,nk6rh54mlqhb96tk0fzs,Medianamente inadecuado,No,,Sin opinion,Si,2,Muy inadecuado,No,,Altamente adecuado,No,,Poco inadecuado,No,,Medianamente inadecuado,No,,Medianamente inadecuado,No,,Medianamente inadecuado,No,,Poco inadecuado,No,,Medianamente adecuado,No,,Un poco adecuado,No,,Altamente adecuado,No,,Poco inadecuado,No,,Un poco adecuado,No,,Medianamente inadecuado,Si,2,Medianamente inadecuado,Si,7,Medianamente inadecuado,Si,6,Muy inadecuado,No,,Poco inadecuado,No,,Un poco adecuado,No,,Medianamente adecuado,No,
5,"",acepto participar,A menudo,Un poco,A menudo,Nunca,A menudo,Nunca,Ocasionalmente,Algo,Demasiado,Mucho,Algo,Nada,Ocasionalmente,Muy a menudo,A menudo,Mucho,Nada,Nunca,Rara vez,Rara vez,hj00umtugeo0kal8ogjp,Medianamente adecuado,No,,Sin opinion,No,,Poco inadecuado,No,,Medianamente inadecuado,Si,1,Altamente adecuado,No,,Poco inadecuado,Si,1,Sin opinion,Si,1,Poco inadecuado,Si,1,Sin opinion,Si,1,Un poco adecuado,Si,3,Medianamente inadecuado,Si,2,Altamente adecuado,No,,Un poco adecuado,Si,1,Sin opinion,Si,4,Un poco adecuado,Si,4,Medianamente inadecuado,No,,Muy inadecuado,No,,Altamente adecuado,No,,Poco inadecuado,No,,Medianamente inadecuado,No,,Medianamente inadecuado,No,
50,"",acepto participar,Muy a menudo,Demasiado,Rara vez,Nunca,A menudo,Ocasionalmente,Ocasionalmente,Mucho,Demasiado,Algo,Un poco,Un poco,A menudo,Muy a menudo,Muy a menudo,Algo,Mucho,Ocasionalmente,A menudo,Muy a menudo,xwny9f7d7d0cgjwbkls8,Poco inadecuado,Si,3,Un poco adecuado,Si,1,Medianamente inadecuado,Si,6,Poco inadecuado,No,,Medianamente inadecuado,No,,Medianamente inadecuado,No,,Altamente adecuado,No,,Medianamente adecuado,No,,Medianamente adecuado,Si,4,Poco inadecuado,No,,Altamente adecuado,No,,Medianamente inadecuado,Si,7,Medianamente inadecuado,Si,6,Muy inadecuado,No,,Medianamente inadecuado,Si,7,Medianamente inadecuado,Si,6,Muy inadecuado,No,,Poco inadecuado,No,,Un poco adecuado,No,,Medianamente adecuado,No,,Un poco adecuado,Si,1
51,"",acepto participar,A menudo,Nada,Muy a menudo,Muy a menudo,Rara vez,Ocasionalmente,Rara vez,Algo,Algo,Mucho,Algo,Demasiado,Nunca,Muy a menudo,A menudo,Nada,Nada,Rara vez,Rara vez,Rara vez,26weuh3b9kcjuav335sc,Medianamente inadecuado,No,,Muy inadecuado,No,,Un poco adecuado,Si,1,Altamente adecuado,No,,Medianamente inadecuado,No,,Poco inadecuado,No,,Medianamente adecuado,No,,Medianamente adecuado,Si,2,Medianamente adecuado,No,,Un poco adecuado,No,,Altamente adecuado,No,,Poco inadecuado,No,,Un poco adecuado,No,,Medianamente adecuado,No,,Medianamente inadecuado,Si,2,Un poco adecuado,No,,Medianamente adecuado,No,,Altamente adecuado,Si,6,Medianamente adecuado,Si,6,Un poco adecuado,No,,Medianamente adecuado,No,
52,"",acepto participar,Muy a menudo,Un poco,Nunca,A menudo,Ocasionalmente,Ocasionalmente,A menudo,Demasiado,Algo,Un poco,Un poco,Mucho,Muy a menudo,Muy a menudo,Ocasionalmente,Mucho,Algo,A menudo,Muy a menudo,Ocasionalmente,rycoe1t8vrjlhnegcqha,Un poco adecuado,Si,1,Sin opinion,Si,4,Altamente adecuado,No,,Poco inadecuado,No,,Medianamente inadecuado,No,,Medianamente inadecuado,No,,Altamente adecuado,No,,Poco inadecuado,No,,Medianamente adecuado,No,,Un poco adecuado,No,,Altamente adecuado,No,,Poco inadecuado,No,,Un poco adecuado,No,,Medianamente adecuado,No,,Medianamente inadecuado,No,,Un poco adecuado,Si,2,Muy inadecuado,No,,Muy inadecuado,No,,Poco inadecuado,No,,Un poco adecuado,No,,Medianamente adecuado,No,
53,"",acepto participar,Nunca,Demasiado,Muy a menudo,Rara vez,Ocasionalmente,Rara vez,Ocasionalmente,Algo,Mucho,Algo,Demasiado,Nada,Muy a menudo,A menudo,Nunca,Nada,Un poco,Rara vez,Rara vez,A menudo,rfw89dz5zxt91yqvyo9r,Sin opinion,Si,2,Altamente adecuado,No,,Altamente adecuado,No,,Poco inadecuado,No,,Medianamente inadecuado,No,,Medianamente inadecuado,No,,Altamente adecuado,No,,Poco inadecuado,No,,Medianamente adecuado,No,,Un poco adecuado,No,,Altamente adecuado,No,,Poco inadecuado,No,,Un poco adecuado,No,,Medianamente adecuado,No,,Medianamente inadecuado,No,,Un poco adecuado,Si,2,Muy inadecuado,No,,Muy inadecuado,No,,Poco inadecuado,No,,Un poco adecuado,No,,Medianamente adecuado,No,
54,"",acepto participar,Rara vez,Nada,A menudo,Ocasionalmente,Ocasionalmente,A menudo,Muy a menudo,Algo,Un poco,Un poco,Mucho,Demasiado,Muy a menudo,Ocasionalmente,A menudo,Algo,Mucho,Muy a menudo,Ocasionalmente,A menudo,lvqjnj4x6byzvuf2dqmf,Poco inadecuado,Si,1,Muy inadecuado,No,,Muy inadecuado,No,,Medianamente inadecuado,Si,6,Poco inadecuado,No,,Medianamente adecuado,No,,Un poco adecuado,No,,Medianamente inadecuado,No,,Medianamente adecuado,Si,4,Altamente adecuado,No,,Poco inadecuado,No,,Un poco adecuado,No,,Medianamente adecuado,No,,Altamente adecuado,Si,6,Un poco adecuado,Si,2,Muy inadecuado,No,,Muy inadecuado,No,,Poco inadecuado,No,,Un poco adecuado,No,,Medianamente adecuado,No,,Un poco adecuado,Si,1
55,"",acepto participar,Muy a menudo,Demasiado,Rara vez,Ocasionalmente,Rara vez,Ocasionalmente,Ocasionalmente,Mucho,Algo,Demasiado,Nada,Demasiado,A menudo,Nunca,Nunca,Un poco,Un poco,Rara vez,A menudo,Rara vez,7wffu2nhxcmg9g93y790,Muy inadecuado,No,,Altamente adecuado,No,,Muy inadecuado,No,,Medianamente inadecuado,Si,6,Poco inadecuado,No,,Medianamente adecuado,No,,Un poco adecuado,No,,Medianamente inadecuado,No,,Medianamente adecuado,Si,4,Altamente adecuado,No,,Poco inadecuado,No,,Un poco adecuado,No,,Medianamente adecuado,No,,Altamente adecuado,Si,6,Un poco adecuado,Si,2,Muy inadecuado,No,,Muy inadecuado,No,,Poco inadecuado,No,,Un poco adecuado,No,,Medianamente adecuado,No,,Un poco adecuado,Si,1
56,"",acepto participar,Nunca,Mucho,Ocasionalmente,Ocasionalmente,A menudo,Muy a menudo,Ocasionalmente,Un poco,Un poco,Mucho,Demasiado,Demasiado,Ocasionalmente,A menudo,Ocasionalmente,Mucho,Demasiado,Ocasionalmente,A menudo,Nunca,bugbwd2h8us0sqxox728,Un poco adecuado,Si,1,Altamente adecuado,No,,Altamente adecuado,No,,Medianamente inadecuado,No,,Poco inadecuado,No,,Medianamente adecuado,No,,Un poco adecuado,No,,Medianamente adecuado,Si,4,Poco inadecuado,No,,Altamente adecuado,No,,Medianamente inadecuado,Si,7,Medianamente inadecuado,Si,6,Muy inadecuado,No,,Poco inadecuado,No,,Altamente adecuado,No,,Muy inadecuado,No,,Muy inadecuado,No,,Poco inadecuado,No,,Un poco adecuado,No,,Medianamente adecuado,No,,Un poco adecuado,Si,1
57,"",acepto participar,Muy a menudo,Un poco,Ocasionalmente,Rara vez,Ocasionalmente,Ocasionalmente,A menudo,Algo,Demasiado,Nada,Demasiado,Mucho,Nunca,Nunca,Rara vez,Un poco,Un poco,A menudo,Rara vez,A menudo,ary5rcy4556anu1f8krd,Medianamente inadecuado,Si,6,Poco inadecuado,No,,Poco inadecuado,No,,Medianamente inadecuado,No,,Medianamente inadecuado,No,,Altamente adecuado,No,,Poco inadecuado,No,,Medianamente adecuado,No,,Un poco adecuado,No,,Altamente adecuado,No,,Poco inadecuado,No,,Un poco adecuado,No,,Medianamente adecuado,No,,Altamente adecuado,Si,6,Un poco adecuado,No,,Medianamente adecuado,No,,Altamente adecuado,Si,6,Medianamente adecuado,Si,6,Un poco adecuado,No,,Medianamente adecuado,No,,Poco inadecuado,Si,4
58,"",acepto participar,A menudo,Algo,Ocasionalmente,A menudo,Muy a menudo,Ocasionalmente,Rara vez,Un poco,Mucho,Demasiado,Demasiado,Algo,A menudo,Ocasionalmente,A menudo,Demasiado,Algo,A menudo,Nunca,A menudo,g7gouotzz344cy9bu7kt,Sin opinion,Si,4,Medianamente inadecuado,Si,6,Medianamente adecuado,No,,Medianamente adecuado,No,,Medianamente adecuado,Si,4,Poco inadecuado,No,,Altamente adecuado,No,,Poco inadecuado,Si,1,Altamente adecuado,No,,Medianamente inadecuado,Si,7,Medianamente inadecuado,Si,6,Muy inadecuado,No,,Poco inadecuado,No,,Un poco adecuado,No,,Muy inadecuado,No,,Muy inadecuado,No,,Poco inadecuado,No,,Un poco adecuado,No,,Medianamente adecuado,No,,Un poco adecuado,Si,1,Poco inadecuado,No,
59,"",acepto participar,Rara vez,Algo,Rara vez,Ocasionalmente,Ocasionalmente,A menudo,Ocasionalmente,Demasiado,Nada,Demasiado,Mucho,Nada,Nunca,Rara vez,Rara vez,Un poco,Mucho,Rara vez,A menudo,Ocasionalmente,8tfm36bqo2frtsz5jfum,Altamente adecuado,No,,Poco inadecuado,No,,Medianamente inadecuado,Si,6,Poco inadecuado,No,,Medianamente adecuado,No,,Un poco adecuado,No,,Altamente adecuado,No,,Medianamente adecuado,Si,4,Altamente adecuado,No,,Poco inadecuado,No,,Un poco adecuado,No,,Medianamente adecuado,No,,Altamente adecuado,Si,6,Medianamente adecuado,Si,6,Medianamente adecuado,No,,Altamente adecuado,Si,6,Medianamente adecuado,Si,6,Un poco adecuado,No,,Medianamente adecuado,No,,Poco inadecuado,Si,4,Muy inadecuado,No,
6,"",acepto participar,Ocasionalmente,Nada,Muy a menudo,A menudo,Nunca,Ocasionalmente,Nunca,Demasiado,Demasiado,Algo,Nada,Un poco,A menudo,Rara vez,Ocasionalmente,Algo,Demasiado,Rara vez,Ocasionalmente,Ocasionalmente,u23vwlftbeue9l0gq99b,Muy inadecuado,Si,3,Poco inadecuado,No,,Poco inadecuado,No,,Muy inadecuado,Si,7,Medianamente inadecuado,Si,3,Poco inadecuado,No,,Altamente adecuado,No,,Altamente adecuado,Si,6,Un poco adecuado,No,,Muy inadecuado,No,,Poco inadecuado,Si,3,Un poco adecuado,Si,4,Medianamente inadecuado,No,,Muy inadecuado,No,,Poco inadecuado,Si,5,Medianamente inadecuado,No,,Sin opinion,Si,2,Altamente adecuado,No,,Poco inadecuado,No,,Medianamente inadecuado,No,,Medianamente inadecuado,No,
60,"",acepto participar,Ocasionalmente,Algo,A menudo,Muy a menudo,Ocasionalmente,Rara vez,Rara vez,Mucho,Demasiado,Demasiado,Algo,Mucho,Ocasionalmente,A menudo,Muy a menudo,Algo,Mucho,Nunca,A menudo,Ocasionalmente,ba0pd5bjm0wrwqzjuycp,Muy inadecuado,No,,Medianamente inadecuado,Si,6,Medianamente inadecuado,No,,Poco inadecuado,No,,Medianamente adecuado,No,,Un poco adecuado,No,,Altamente adecuado,No,,Poco inadecuado,Si,1,Altamente adecuado,No,,Medianamente inadecuado,Si,7,Medianamente inadecuado,Si,6,Muy inadecuado,No,,Poco inadecuado,No,,Un poco adecuado,No,,Muy inadecuado,No,,Muy inadecuado,No,,Poco inadecuado,No,,Un poco adecuado,No,,Medianamente adecuado,No,,Un poco adecuado,Si,1,Poco inadecuado,No,
7,"",acepto participar,Rara vez,Mucho,Nunca,A menudo,Nunca,Ocasionalmente,Ocasionalmente,Demasiado,Mucho,Algo,Nada,Algo,Muy a menudo,A menudo,A menudo,Nada,Nada,Rara vez,Rara vez,Rara vez,7jqdo2yb1lhd2nat5sjc,Medianamente inadecuado,Si,2,Altamente adecuado,No,,Altamente adecuado,No,,Un poco adecuado,No,,Medianamente adecuado,No,,Altamente adecuado,Si,6,Un poco adecuado,No,,Altamente adecuado,Si,6,Un poco adecuado,No,,Muy inadecuado,No,,Poco inadecuado,Si,3,Un poco adecuado,Si,4,Medianamente inadecuado,No,,Muy inadecuado,No,,Poco inadecuado,Si,5,Medianamente inadecuado,No,,Sin opinion,Si,2,Altamente adecuado,No,,Poco inadecuado,No,,Medianamente inadecuado,No,,Medianamente inadecuado,No,
8,"",acepto participar,Nunca,Demasiado,A menudo,Nunca,Ocasionalmente,Nunca,Muy a menudo,Demasiado,Algo,Nada,Un poco,Mucho,Rara vez,Ocasionalmente,Ocasionalmente,Demasiado,Un poco,Ocasionalmente,Ocasionalmente,Muy a menudo,sh09phd2pw2k2po0uz6m,Un poco adecuado,Si,3,Medianamente inadecuado,Si,1,Poco inadecuado,Si,2,Medianamente adecuado,No,,Altamente adecuado,Si,6,Un poco adecuado,No,,Muy inadecuado,No,,Poco inadecuado,No,,Altamente adecuado,No,,Un poco adecuado,Si,3,Medianamente inadecuado,Si,2,Altamente adecuado,No,,Un poco adecuado,Si,1,Sin opinion,Si,4,Un poco adecuado,No,,Medianamente inadecuado,No,,Muy inadecuado,No,,Altamente adecuado,No,,Poco inadecuado,No,,Medianamente inadecuado,No,,Medianamente inadecuado,No,
9,"",acepto participar,A menudo,Nada,A menudo,Nunca,Ocasionalmente,Ocasionalmente,Muy a menudo,Mucho,Algo,Nada,Algo,Demasiado,A menudo,A menudo,Nunca,Nada,Un poco,Rara vez,Rara vez,A menudo,7tp4ymabmd7e838f8sfq,Sin opinion,No,,Altamente adecuado,No,,Medianamente inadecuado,Si,1,Altamente adecuado,No,,Poco inadecuado,Si,1,Sin opinion,Si,1,Un poco adecuado,Si,3,Medianamente adecuado,Si,2,Muy inadecuado,No,,Poco inadecuado,Si,3,Un poco adecuado,Si,4,Medianamente inadecuado,No,,Muy inadecuado,No,,Altamente adecuado,No,,Un poco adecuado,No,,Medianamente inadecuado,No,,Muy inadecuado,No,,Altamente adecuado,No,,Poco inadecuado,No,,Medianamente inadecuado,No,,Medianamente inadecuado,No,
